symbol,kind,base,quote,active,liquidity_rank,quote_volume,mark_price,max_leverage,min_notional,min_margin,as_of,venue
BTCUSDC,PERP,BTC,USDC,True,1,2799064750.5084447861,77430.0,40,10,0.25,2026-09-15T06:24:56.991722+00:00,HYPERLIQUID
ETHUSDC,PERP,ETH,USDC,True,2,1846515884.7493686676,2489.9,25,10,0.4,2026-09-15T06:24:56.991722+00:00,HYPERLIQUID
HYPEUSDC,PERP,HYPE,USDC,True,3,417609110.0821701884,79.397,10,10,1,2026-09-15T06:24:56.991722+00:00,HYPERLIQUID
ZECUSDC,PERP,ZEC,USDC,True,4,390367467.0189990401,1149.2,10,10,1,2026-09-15T06:24:56.991722+00:00,HYPERLIQUID
SOLUSDC,PERP,SOL,USDC,True,5,221911023.2618999481,101.12,20,10,0.5,2026-09-15T06:24:56.991722+00:00,HYPERLIQUID
XRPUSDC,PERP,XRP,USDC,True,6,151216390.3051000834,1.4042,20,10,0.5,2026-09-15T06:24:56.991722+00:00,HYPERLIQUID
PONSUSDC,PERP,PONS,USDC,True,7,51861012.2482499629,0.61876,3,10,3.333333333333333333333333333,2026-09-15T06:24:56.991722+00:00,HYPERLIQUID
LITUSDC,PERP,LIT,USDC,True,8,45748532.0729000345,4.3763,5,10,2,2026-09-15T06:24:56.991722+00:00,HYPERLIQUID
NEARUSDC,PERP,NEAR,USDC,True,9,43842170.5001100227,2.4087,10,10,1,2026-09-15T06:24:56.991722+00:00,HYPERLIQUID
PUMPUSDC,PERP,PUMP,USDC,True,10,38822659.9430470541,0.003594,10,10,1,2026-09-15T06:24:56.991722+00:00,HYPERLIQUID
UNIUSDC,PERP,UNI,USDC,True,11,31651228.943050012,6.6514,10,10,1,2026-09-15T06:24:56.991722+00:00,HYPERLIQUID
BNBUSDC,PERP,BNB,USDC,True,12,18755588.8202099986,720.08,10,10,1,2026-09-15T06:24:56.991722+00:00,HYPERLIQUID
ENAUSDC,PERP,ENA,USDC,True,13,17336101.6368199736,0.1411,10,10,1,2026-09-15T06:24:56.991722+00:00,HYPERLIQUID
VVVUSDC,PERP,VVV,USDC,True,14,16616514.1085899938,22.0059,3,10,3.333333333333333333333333333,2026-09-15T06:24:56.991722+00:00,HYPERLIQUID
ARBUSDC,PERP,ARB,USDC,True,15,16510596.8947559968,0.13357,10,10,1,2026-09-15T06:24:56.991722+00:00,HYPERLIQUID
KPEPEUSDC,PERP,KPEPE,USDC,True,16,15058415.4588999897,0.0034,10,10,1,2026-09-15T06:24:56.991722+00:00,HYPERLIQUID
CASHCATUSDC,PERP,CASHCAT,USDC,True,17,14530467.07663,0.15561,3,10,3.333333333333333333333333333,2026-09-15T06:24:56.991722+00:00,HYPERLIQUID
XMRUSDC,PERP,XMR,USDC,True,18,13930428.2812900078,512.0,5,10,2,2026-09-15T06:24:56.991722+00:00,HYPERLIQUID
WLDUSDC,PERP,WLD,USDC,True,19,12219838.2100800015,0.37429,10,10,1,2026-09-15T06:24:56.991722+00:00,HYPERLIQUID
DOGEUSDC,PERP,DOGE,USDC,True,20,10573011.548246989,0.082909,10,10,1,2026-09-15T06:24:56.991722+00:00,HYPERLIQUID
SUIUSDC,PERP,SUI,USDC,True,21,10478325.854975,0.7094,10,10,1,2026-09-15T06:24:56.991722+00:00,HYPERLIQUID
FILUSDC,PERP,FIL,USDC,True,22,9180114.1331690103,0.88892,5,10,2,2026-09-15T06:24:56.991722+00:00,HYPERLIQUID
LINKUSDC,PERP,LINK,USDC,True,23,8241855.7496999996,11.444,10,10,1,2026-09-15T06:24:56.991722+00:00,HYPERLIQUID
ETHFIUSDC,PERP,ETHFI,USDC,True,24,8000133.1960470006,0.6122,5,10,2,2026-09-15T06:24:56.991722+00:00,HYPERLIQUID
TAOUSDC,PERP,TAO,USDC,True,25,7390560.2441000026,231.56,5,10,2,2026-09-15T06:24:56.991722+00:00,HYPERLIQUID
TRUMPUSDC,PERP,TRUMP,USDC,True,26,6854458.8447100017,1.9622,10,10,1,2026-09-15T06:24:56.991722+00:00,HYPERLIQUID
XPLUSDC,PERP,XPL,USDC,True,27,6225375.4133030036,0.081864,10,10,1,2026-09-15T06:24:56.991722+00:00,HYPERLIQUID
USELESSUSDC,PERP,USELESS,USDC,True,28,6090576.7087600017,0.20133,3,10,3.333333333333333333333333333,2026-09-15T06:24:56.991722+00:00,HYPERLIQUID
AAVEUSDC,PERP,AAVE,USDC,True,29,5960267.2891999986,127.27,10,10,1,2026-09-15T06:24:56.991722+00:00,HYPERLIQUID
PENDLEUSDC,PERP,PENDLE,USDC,True,30,5957897.7184999967,2.35898,5,10,2,2026-09-15T06:24:56.991722+00:00,HYPERLIQUID
ADAUSDC,PERP,ADA,USDC,True,31,5404470.7110700011,0.20509,10,10,1,2026-09-15T06:24:56.991722+00:00,HYPERLIQUID
XLMUSDC,PERP,XLM,USDC,True,32,5278711.5022999989,0.19334,5,10,2,2026-09-15T06:24:56.991722+00:00,HYPERLIQUID
FARTCOINUSDC,PERP,FARTCOIN,USDC,True,33,5275142.3181720013,0.14155,10,10,1,2026-09-15T06:24:56.991722+00:00,HYPERLIQUID
AVAXUSDC,PERP,AVAX,USDC,True,34,4758176.3332610009,7.508,10,10,1,2026-09-15T06:24:56.991722+00:00,HYPERLIQUID
CRVUSDC,PERP,CRV,USDC,True,35,4719096.5651830034,0.35304,10,10,1,2026-09-15T06:24:56.991722+00:00,HYPERLIQUID
ONDOUSDC,PERP,ONDO,USDC,True,36,4699512.9079100015,0.35071,10,10,1,2026-09-15T06:24:56.991722+00:00,HYPERLIQUID
LTCUSDC,PERP,LTC,USDC,True,37,3812728.6939899973,52.794,10,10,1,2026-09-15T06:24:56.991722+00:00,HYPERLIQUID
PAXGUSDC,PERP,PAXG,USDC,True,38,3589646.3938999991,4290.3,10,10,1,2026-09-15T06:24:56.991722+00:00,HYPERLIQUID
CHIPUSDC,PERP,CHIP,USDC,True,39,3326525.1660549981,0.040916,3,10,3.333333333333333333333333333,2026-09-15T06:24:56.991722+00:00,HYPERLIQUID
REZUSDC,PERP,REZ,USDC,True,40,3012346.7937280019,0.003913,3,10,3.333333333333333333333333333,2026-09-15T06:24:56.991722+00:00,HYPERLIQUID
MONUSDC,PERP,MON,USDC,True,41,2866062.6210289998,0.022903,5,10,2,2026-09-15T06:24:56.991722+00:00,HYPERLIQUID
INJUSDC,PERP,INJ,USDC,True,42,2814075.8466099994,6.1121,5,10,2,2026-09-15T06:24:56.991722+00:00,HYPERLIQUID
JUPUSDC,PERP,JUP,USDC,True,43,2525712.8968399987,0.23723,10,10,1,2026-09-15T06:24:56.991722+00:00,HYPERLIQUID
FETUSDC,PERP,FET,USDC,True,44,2475498.3685599999,0.161038,5,10,2,2026-09-15T06:24:56.991722+00:00,HYPERLIQUID
AEROUSDC,PERP,AERO,USDC,True,45,2207764.4966199994,0.549933,3,10,3.333333333333333333333333333,2026-09-15T06:24:56.991722+00:00,HYPERLIQUID
ZROUSDC,PERP,ZRO,USDC,True,46,2106762.701307999,0.95488,5,10,2,2026-09-15T06:24:56.991722+00:00,HYPERLIQUID
DASHUSDC,PERP,DASH,USDC,True,47,2031934.5589500002,53.0253,5,10,2,2026-09-15T06:24:56.991722+00:00,HYPERLIQUID
DOTUSDC,PERP,DOT,USDC,True,48,1851860.6093370002,0.99162,10,10,1,2026-09-15T06:24:56.991722+00:00,HYPERLIQUID
HEMIUSDC,PERP,HEMI,USDC,True,49,1791940.1142110005,0.006435,3,10,3.333333333333333333333333333,2026-09-15T06:24:56.991722+00:00,HYPERLIQUID
APTUSDC,PERP,APT,USDC,True,50,1556037.2444309995,0.5807,10,10,1,2026-09-15T06:24:56.991722+00:00,HYPERLIQUID
ICPUSDC,PERP,ICP,USDC,True,51,1427399.9890800002,2.6104,5,10,2,2026-09-15T06:24:56.991722+00:00,HYPERLIQUID
RENDERUSDC,PERP,RENDER,USDC,True,52,1411318.2178700001,1.366,5,10,2,2026-09-15T06:24:56.991722+00:00,HYPERLIQUID
ASTERUSDC,PERP,ASTER,USDC,True,53,1371810.5652999999,0.68734,5,10,2,2026-09-15T06:24:56.991722+00:00,HYPERLIQUID
JTOUSDC,PERP,JTO,USDC,True,54,1328679.3880200002,0.44983,5,10,2,2026-09-15T06:24:56.991722+00:00,HYPERLIQUID
CAKEUSDC,PERP,CAKE,USDC,True,55,1316212.1178900001,2.3119,3,10,3.333333333333333333333333333,2026-09-15T06:24:56.991722+00:00,HYPERLIQUID
HBARUSDC,PERP,HBAR,USDC,True,56,1265911.8796260001,0.076814,5,10,2,2026-09-15T06:24:56.991722+00:00,HYPERLIQUID
OPUSDC,PERP,OP,USDC,True,57,1265040.2238850002,0.09958,5,10,2,2026-09-15T06:24:56.991722+00:00,HYPERLIQUID
MINAUSDC,PERP,MINA,USDC,True,58,1240787.6510779986,0.081022,3,10,3.333333333333333333333333333,2026-09-15T06:24:56.991722+00:00,HYPERLIQUID
TRXUSDC,PERP,TRX,USDC,True,59,1240120.8311699997,0.33738,10,10,1,2026-09-15T06:24:56.991722+00:00,HYPERLIQUID
MORPHOUSDC,PERP,MORPHO,USDC,True,60,1220058.5807699997,2.1578,5,10,2,2026-09-15T06:24:56.991722+00:00,HYPERLIQUID
SPXUSDC,PERP,SPX,USDC,True,61,1214963.8564730005,0.48787,5,10,2,2026-09-15T06:24:56.991722+00:00,HYPERLIQUID
WLFIUSDC,PERP,WLFI,USDC,True,62,1212017.3969040005,0.057017,5,10,2,2026-09-15T06:24:56.991722+00:00,HYPERLIQUID
GRASSUSDC,PERP,GRASS,USDC,True,63,1091361.6929540003,0.32295,3,10,3.333333333333333333333333333,2026-09-15T06:24:56.991722+00:00,HYPERLIQUID
BCHUSDC,PERP,BCH,USDC,True,64,1074538.2721599999,222.12,10,10,1,2026-09-15T06:24:56.991722+00:00,HYPERLIQUID
METUSDC,PERP,MET,USDC,True,65,1063600.0001100006,0.20746,3,10,3.333333333333333333333333333,2026-09-15T06:24:56.991722+00:00,HYPERLIQUID
VIRTUALUSDC,PERP,VIRTUAL,USDC,True,66,1023505.6621709996,0.60764,5,10,2,2026-09-15T06:24:56.991722+00:00,HYPERLIQUID
WIFUSDC,PERP,WIF,USDC,True,67,996007.75112,0.18176,5,10,2,2026-09-15T06:24:56.991722+00:00,HYPERLIQUID
PENGUUSDC,PERP,PENGU,USDC,True,68,983180.5921830004,0.007035,5,10,2,2026-09-15T06:24:56.991722+00:00,HYPERLIQUID
SKRUSDC,PERP,SKR,USDC,True,69,971455.5987350001,0.017614,3,10,3.333333333333333333333333333,2026-09-15T06:24:56.991722+00:00,HYPERLIQUID
TIAUSDC,PERP,TIA,USDC,True,70,961179.4862540002,0.3498,5,10,2,2026-09-15T06:24:56.991722+00:00,HYPERLIQUID
ALGOUSDC,PERP,ALGO,USDC,True,71,915193.9548549997,0.095719,5,10,2,2026-09-15T06:24:56.991722+00:00,HYPERLIQUID
PURRUSDC,PERP,PURR,USDC,True,72,867267.4638600004,0.10991,3,10,3.333333333333333333333333333,2026-09-15T06:24:56.991722+00:00,HYPERLIQUID
SKYUSDC,PERP,SKY,USDC,True,73,771733.5824320001,0.063426,3,10,3.333333333333333333333333333,2026-09-15T06:24:56.991722+00:00,HYPERLIQUID
IOTAUSDC,PERP,IOTA,USDC,True,74,742589.9344370007,0.042435,3,10,3.333333333333333333333333333,2026-09-15T06:24:56.991722+00:00,HYPERLIQUID
ATOMUSDC,PERP,ATOM,USDC,True,75,685361.1824519997,1.5753,5,10,2,2026-09-15T06:24:56.991722+00:00,HYPERLIQUID
STRKUSDC,PERP,STRK,USDC,True,76,641852.409949,0.02835,5,10,2,2026-09-15T06:24:56.991722+00:00,HYPERLIQUID
LDOUSDC,PERP,LDO,USDC,True,77,611260.59426,0.35889,5,10,2,2026-09-15T06:24:56.991722+00:00,HYPERLIQUID
GRAMUSDC,PERP,GRAM,USDC,True,78,601335.7314000002,1.3412,5,10,2,2026-09-15T06:24:56.991722+00:00,HYPERLIQUID
CCUSDC,PERP,CC,USDC,True,79,589344.0348469999,0.095479,3,10,3.333333333333333333333333333,2026-09-15T06:24:56.991722+00:00,HYPERLIQUID
SOPHUSDC,PERP,SOPH,USDC,True,80,521934.1646300001,0.003899,3,10,3.333333333333333333333333333,2026-09-15T06:24:56.991722+00:00,HYPERLIQUID
ARUSDC,PERP,AR,USDC,True,81,501108.1867059999,2.6906,5,10,2,2026-09-15T06:24:56.991722+00:00,HYPERLIQUID
SYRUPUSDC,PERP,SYRUP,USDC,True,82,500916.6342200001,0.20907,3,10,3.333333333333333333333333333,2026-09-15T06:24:56.991722+00:00,HYPERLIQUID
2ZUSDC,PERP,2Z,USDC,True,83,450489.9780539999,0.048141,3,10,3.333333333333333333333333333,2026-09-15T06:24:56.991722+00:00,HYPERLIQUID
KSHIBUSDC,PERP,KSHIB,USDC,True,84,438066.1584779998,0.005173,10,10,1,2026-09-15T06:24:56.991722+00:00,HYPERLIQUID
KBONKUSDC,PERP,KBONK,USDC,True,85,396541.2700869999,0.002681,10,10,1,2026-09-15T06:24:56.991722+00:00,HYPERLIQUID
SEIUSDC,PERP,SEI,USDC,True,86,373394.3294370001,0.043931,5,10,2,2026-09-15T06:24:56.991722+00:00,HYPERLIQUID
SAGAUSDC,PERP,SAGA,USDC,True,87,372096.9680080002,0.01827,3,10,3.333333333333333333333333333,2026-09-15T06:24:56.991722+00:00,HYPERLIQUID
POLUSDC,PERP,POL,USDC,True,88,360812.4061629998,0.09609,5,10,2,2026-09-15T06:24:56.991722+00:00,HYPERLIQUID
BABYUSDC,PERP,BABY,USDC,True,89,346806.8477680002,0.011092,3,10,3.333333333333333333333333333,2026-09-15T06:24:56.991722+00:00,HYPERLIQUID
MNTUSDC,PERP,MNT,USDC,True,90,330842.7171039999,0.57739,5,10,2,2026-09-15T06:24:56.991722+00:00,HYPERLIQUID
PYTHUSDC,PERP,PYTH,USDC,True,91,327285.3571040001,0.054933,5,10,2,2026-09-15T06:24:56.991722+00:00,HYPERLIQUID
ENSUSDC,PERP,ENS,USDC,True,92,323224.6312550002,5.6666,5,10,2,2026-09-15T06:24:56.991722+00:00,HYPERLIQUID
KAITOUSDC,PERP,KAITO,USDC,True,93,322229.24058,0.2953,5,10,2,2026-09-15T06:24:56.991722+00:00,HYPERLIQUID
KASUSDC,PERP,KAS,USDC,True,94,318362.817589,0.03494,3,10,3.333333333333333333333333333,2026-09-15T06:24:56.991722+00:00,HYPERLIQUID
STXUSDC,PERP,STX,USDC,True,95,317819.6084509999,0.26059,5,10,2,2026-09-15T06:24:56.991722+00:00,HYPERLIQUID
EIGENUSDC,PERP,EIGEN,USDC,True,96,305988.0668780001,0.1997,5,10,2,2026-09-15T06:24:56.991722+00:00,HYPERLIQUID
MEGAUSDC,PERP,MEGA,USDC,True,97,303408.6109690001,0.035361,3,10,3.333333333333333333333333333,2026-09-15T06:24:56.991722+00:00,HYPERLIQUID
ETCUSDC,PERP,ETC,USDC,True,98,291637.8829,7.4397,5,10,2,2026-09-15T06:24:56.991722+00:00,HYPERLIQUID
BERAUSDC,PERP,BERA,USDC,True,99,282580.7942770001,0.18809,5,10,2,2026-09-15T06:24:56.991722+00:00,HYPERLIQUID
STBLUSDC,PERP,STBL,USDC,True,100,281563.586462,0.02719,3,10,3.333333333333333333333333333,2026-09-15T06:24:56.991722+00:00,HYPERLIQUID
BSVUSDC,PERP,BSV,USDC,True,101,279652.1828000001,16.828,3,10,3.333333333333333333333333333,2026-09-15T06:24:56.991722+00:00,HYPERLIQUID
POLYXUSDC,PERP,POLYX,USDC,True,102,250570.8226329999,0.039857,3,10,3.333333333333333333333333333,2026-09-15T06:24:56.991722+00:00,HYPERLIQUID
ZENUSDC,PERP,ZEN,USDC,True,103,243930.8565309999,6.2765,5,10,2,2026-09-15T06:24:56.991722+00:00,HYPERLIQUID
PEOPLEUSDC,PERP,PEOPLE,USDC,True,104,228105.49308,0.007777,3,10,3.333333333333333333333333333,2026-09-15T06:24:56.991722+00:00,HYPERLIQUID
ALTUSDC,PERP,ALT,USDC,True,105,227013.815746,0.006553,3,10,3.333333333333333333333333333,2026-09-15T06:24:56.991722+00:00,HYPERLIQUID
MOVEUSDC,PERP,MOVE,USDC,True,106,223717.6627340001,0.008139,3,10,3.333333333333333333333333333,2026-09-15T06:24:56.991722+00:00,HYPERLIQUID
ACEUSDC,PERP,ACE,USDC,True,107,216918.2788039999,0.1507,3,10,3.333333333333333333333333333,2026-09-15T06:24:56.991722+00:00,HYPERLIQUID
ZETAUSDC,PERP,ZETA,USDC,True,108,213921.8180260001,0.03573,3,10,3.333333333333333333333333333,2026-09-15T06:24:56.991722+00:00,HYPERLIQUID
APEUSDC,PERP,APE,USDC,True,109,203909.997708,0.12709,5,10,2,2026-09-15T06:24:56.991722+00:00,HYPERLIQUID
GRIFFAINUSDC,PERP,GRIFFAIN,USDC,True,110,201513.277487,0.012218,3,10,3.333333333333333333333333333,2026-09-15T06:24:56.991722+00:00,HYPERLIQUID
BLURUSDC,PERP,BLUR,USDC,True,111,194824.8935300001,0.017281,3,10,3.333333333333333333333333333,2026-09-15T06:24:56.991722+00:00,HYPERLIQUID
AVNTUSDC,PERP,AVNT,USDC,True,112,192666.9146769999,0.099605,5,10,2,2026-09-15T06:24:56.991722+00:00,HYPERLIQUID
INITUSDC,PERP,INIT,USDC,True,113,186077.641218,0.06917,3,10,3.333333333333333333333333333,2026-09-15T06:24:56.991722+00:00,HYPERLIQUID
0GUSDC,PERP,0G,USDC,True,114,181884.06993,0.19661,3,10,3.333333333333333333333333333,2026-09-15T06:24:56.991722+00:00,HYPERLIQUID
ZORAUSDC,PERP,ZORA,USDC,True,115,174148.11165,0.008233,3,10,3.333333333333333333333333333,2026-09-15T06:24:56.991722+00:00,HYPERLIQUID
AXSUSDC,PERP,AXS,USDC,True,116,173379.723035,0.94219,5,10,2,2026-09-15T06:24:56.991722+00:00,HYPERLIQUID
CELOUSDC,PERP,CELO,USDC,True,117,172272.405765,0.080818,3,10,3.333333333333333333333333333,2026-09-15T06:24:56.991722+00:00,HYPERLIQUID
POPCATUSDC,PERP,POPCAT,USDC,True,118,172026.444863,0.046368,3,10,3.333333333333333333333333333,2026-09-15T06:24:56.991722+00:00,HYPERLIQUID
USUALUSDC,PERP,USUAL,USDC,True,119,171954.221394,0.01153,3,10,3.333333333333333333333333333,2026-09-15T06:24:56.991722+00:00,HYPERLIQUID
APEXUSDC,PERP,APEX,USDC,True,120,155841.1582700001,0.23111,3,10,3.333333333333333333333333333,2026-09-15T06:24:56.991722+00:00,HYPERLIQUID
IOUSDC,PERP,IO,USDC,True,121,155487.2583519999,0.1301,3,10,3.333333333333333333333333333,2026-09-15T06:24:56.991722+00:00,HYPERLIQUID
COMPUSDC,PERP,COMP,USDC,True,122,150450.1683899999,19.198,5,10,2,2026-09-15T06:24:56.991722+00:00,HYPERLIQUID
DYDXUSDC,PERP,DYDX,USDC,True,123,150010.92978,0.11245,5,10,2,2026-09-15T06:24:56.991722+00:00,HYPERLIQUID
GOATUSDC,PERP,GOAT,USDC,True,124,144716.340559,0.016065,3,10,3.333333333333333333333333333,2026-09-15T06:24:56.991722+00:00,HYPERLIQUID
ZKUSDC,PERP,ZK,USDC,True,125,139771.642382,0.009508,5,10,2,2026-09-15T06:24:56.991722+00:00,HYPERLIQUID
WUSDC,PERP,W,USDC,True,126,135359.710955,0.00975,5,10,2,2026-09-15T06:24:56.991722+00:00,HYPERLIQUID
SANDUSDC,PERP,SAND,USDC,True,127,131202.066179,0.035018,5,10,2,2026-09-15T06:24:56.991722+00:00,HYPERLIQUID
CFXUSDC,PERP,CFX,USDC,True,128,130270.43909,0.047239,5,10,2,2026-09-15T06:24:56.991722+00:00,HYPERLIQUID
MELANIAUSDC,PERP,MELANIA,USDC,True,129,128391.7804580001,0.10411,3,10,3.333333333333333333333333333,2026-09-15T06:24:56.991722+00:00,HYPERLIQUID
RUNEUSDC,PERP,RUNE,USDC,True,130,125147.270147,0.51183,5,10,2,2026-09-15T06:24:56.991722+00:00,HYPERLIQUID
BIGTIMEUSDC,PERP,BIGTIME,USDC,True,131,122971.686695,0.007154,3,10,3.333333333333333333333333333,2026-09-15T06:24:56.991722+00:00,HYPERLIQUID
PNUTUSDC,PERP,PNUT,USDC,True,132,117047.257219,0.04524,3,10,3.333333333333333333333333333,2026-09-15T06:24:56.991722+00:00,HYPERLIQUID
NILUSDC,PERP,NIL,USDC,True,133,116586.711731,0.041655,3,10,3.333333333333333333333333333,2026-09-15T06:24:56.991722+00:00,HYPERLIQUID
SUSHIUSDC,PERP,SUSHI,USDC,True,134,113215.63487,0.21544,3,10,3.333333333333333333333333333,2026-09-15T06:24:56.991722+00:00,HYPERLIQUID
NEOUSDC,PERP,NEO,USDC,True,135,112140.612813,2.2,5,10,2,2026-09-15T06:24:56.991722+00:00,HYPERLIQUID
NOTUSDC,PERP,NOT,USDC,True,136,110714.599668,0.000461,3,10,3.333333333333333333333333333,2026-09-15T06:24:56.991722+00:00,HYPERLIQUID
GMXUSDC,PERP,GMX,USDC,True,137,107316.5812729999,7.4316,3,10,3.333333333333333333333333333,2026-09-15T06:24:56.991722+00:00,HYPERLIQUID
AZTECUSDC,PERP,AZTEC,USDC,True,138,105699.271915,0.01386,3,10,3.333333333333333333333333333,2026-09-15T06:24:56.991722+00:00,HYPERLIQUID
KNEIROUSDC,PERP,KNEIRO,USDC,True,139,101779.770356,0.08214,3,10,3.333333333333333333333333333,2026-09-15T06:24:56.991722+00:00,HYPERLIQUID
GMTUSDC,PERP,GMT,USDC,True,140,101467.0165000001,0.007575,3,10,3.333333333333333333333333333,2026-09-15T06:24:56.991722+00:00,HYPERLIQUID
LAYERUSDC,PERP,LAYER,USDC,True,141,99229.526266,0.068898,3,10,3.333333333333333333333333333,2026-09-15T06:24:56.991722+00:00,HYPERLIQUID
LINEAUSDC,PERP,LINEA,USDC,True,142,97710.718445,0.002561,3,10,3.333333333333333333333333333,2026-09-15T06:24:56.991722+00:00,HYPERLIQUID
ANIMEUSDC,PERP,ANIME,USDC,True,143,96743.3645089999,0.003029,3,10,3.333333333333333333333333333,2026-09-15T06:24:56.991722+00:00,HYPERLIQUID
ORDIUSDC,PERP,ORDI,USDC,True,144,96627.204089,4.0963,3,10,3.333333333333333333333333333,2026-09-15T06:24:56.991722+00:00,HYPERLIQUID
FOGOUSDC,PERP,FOGO,USDC,True,145,95619.553254,0.006286,3,10,3.333333333333333333333333333,2026-09-15T06:24:56.991722+00:00,HYPERLIQUID
BRETTUSDC,PERP,BRETT,USDC,True,146,94544.592911,0.004868,3,10,3.333333333333333333333333333,2026-09-15T06:24:56.991722+00:00,HYPERLIQUID
SNXUSDC,PERP,SNX,USDC,True,147,93752.394784,0.20809,3,10,3.333333333333333333333333333,2026-09-15T06:24:56.991722+00:00,HYPERLIQUID
IMXUSDC,PERP,IMX,USDC,True,148,93408.3551849999,0.12444,5,10,2,2026-09-15T06:24:56.991722+00:00,HYPERLIQUID
AIXBTUSDC,PERP,AIXBT,USDC,True,149,92786.720853,0.019679,3,10,3.333333333333333333333333333,2026-09-15T06:24:56.991722+00:00,HYPERLIQUID
SUSDC,PERP,S,USDC,True,150,92156.489349,0.026129,5,10,2,2026-09-15T06:24:56.991722+00:00,HYPERLIQUID
GALAUSDC,PERP,GALA,USDC,True,151,86154.827145,0.001686,3,10,3.333333333333333333333333333,2026-09-15T06:24:56.991722+00:00,HYPERLIQUID
HYPERUSDC,PERP,HYPER,USDC,True,152,84910.455628,0.068812,3,10,3.333333333333333333333333333,2026-09-15T06:24:56.991722+00:00,HYPERLIQUID
PROVEUSDC,PERP,PROVE,USDC,True,153,81598.6634000001,0.18757,3,10,3.333333333333333333333333333,2026-09-15T06:24:56.991722+00:00,HYPERLIQUID
GASUSDC,PERP,GAS,USDC,True,154,80475.53213,1.2721,3,10,3.333333333333333333333333333,2026-09-15T06:24:56.991722+00:00,HYPERLIQUID
BIOUSDC,PERP,BIO,USDC,True,155,79236.104403,0.025528,3,10,3.333333333333333333333333333,2026-09-15T06:24:56.991722+00:00,HYPERLIQUID
SUPERUSDC,PERP,SUPER,USDC,True,156,78682.32131,0.116487,3,10,3.333333333333333333333333333,2026-09-15T06:24:56.991722+00:00,HYPERLIQUID
MEUSDC,PERP,ME,USDC,True,157,76151.325271,0.06598,3,10,3.333333333333333333333333333,2026-09-15T06:24:56.991722+00:00,HYPERLIQUID
BOMEUSDC,PERP,BOME,USDC,True,158,76025.563965,0.000853,3,10,3.333333333333333333333333333,2026-09-15T06:24:56.991722+00:00,HYPERLIQUID
XAIUSDC,PERP,XAI,USDC,True,159,75514.764776,0.0071,3,10,3.333333333333333333333333333,2026-09-15T06:24:56.991722+00:00,HYPERLIQUID
STABLEUSDC,PERP,STABLE,USDC,True,160,74347.024951,0.027855,3,10,3.333333333333333333333333333,2026-09-15T06:24:56.991722+00:00,HYPERLIQUID
MERLUSDC,PERP,MERL,USDC,True,161,69507.001102,0.022293,3,10,3.333333333333333333333333333,2026-09-15T06:24:56.991722+00:00,HYPERLIQUID
RESOLVUSDC,PERP,RESOLV,USDC,True,162,67796.667242,0.016813,3,10,3.333333333333333333333333333,2026-09-15T06:24:56.991722+00:00,HYPERLIQUID
NXPCUSDC,PERP,NXPC,USDC,True,163,67240.70971,0.21033,3,10,3.333333333333333333333333333,2026-09-15T06:24:56.991722+00:00,HYPERLIQUID
DYMUSDC,PERP,DYM,USDC,True,164,65057.730702,0.01437,3,10,3.333333333333333333333333333,2026-09-15T06:24:56.991722+00:00,HYPERLIQUID
WCTUSDC,PERP,WCT,USDC,True,165,62370.856352,0.037025,3,10,3.333333333333333333333333333,2026-09-15T06:24:56.991722+00:00,HYPERLIQUID
KFLOKIUSDC,PERP,KFLOKI,USDC,True,166,61880.985229,0.024343,5,10,2,2026-09-15T06:24:56.991722+00:00,HYPERLIQUID
MOODENGUSDC,PERP,MOODENG,USDC,True,167,61350.4901,0.039204,3,10,3.333333333333333333333333333,2026-09-15T06:24:56.991722+00:00,HYPERLIQUID
YGGUSDC,PERP,YGG,USDC,True,168,59436.3098,0.02251,3,10,3.333333333333333333333333333,2026-09-15T06:24:56.991722+00:00,HYPERLIQUID
BANANAUSDC,PERP,BANANA,USDC,True,169,57364.6216,3.7679,3,10,3.333333333333333333333333333,2026-09-15T06:24:56.991722+00:00,HYPERLIQUID
RSRUSDC,PERP,RSR,USDC,True,170,56796.733953,0.001438,3,10,3.333333333333333333333333333,2026-09-15T06:24:56.991722+00:00,HYPERLIQUID
MANTAUSDC,PERP,MANTA,USDC,True,171,55576.883535,0.05933,3,10,3.333333333333333333333333333,2026-09-15T06:24:56.991722+00:00,HYPERLIQUID
KLUNCUSDC,PERP,KLUNC,USDC,True,172,52979.991683,0.05015,3,10,3.333333333333333333333333333,2026-09-15T06:24:56.991722+00:00,HYPERLIQUID
UMAUSDC,PERP,UMA,USDC,True,173,50702.820238,0.3641,3,10,3.333333333333333333333333333,2026-09-15T06:24:56.991722+00:00,HYPERLIQUID
TRBUSDC,PERP,TRB,USDC,True,174,50045.35475,16.942,3,10,3.333333333333333333333333333,2026-09-15T06:24:56.991722+00:00,HYPERLIQUID
TURBOUSDC,PERP,TURBO,USDC,True,175,45522.902866,0.000892,3,10,3.333333333333333333333333333,2026-09-15T06:24:56.991722+00:00,HYPERLIQUID
HMSTRUSDC,PERP,HMSTR,USDC,True,176,40941.947649,0.000159,3,10,3.333333333333333333333333333,2026-09-15T06:24:56.991722+00:00,HYPERLIQUID
MEMEUSDC,PERP,MEME,USDC,True,177,26522.08446,0.00053,3,10,3.333333333333333333333333333,2026-09-15T06:24:56.991722+00:00,HYPERLIQUID
TNSRUSDC,PERP,TNSR,USDC,True,178,17613.34715,0.0342,3,10,3.333333333333333333333333333,2026-09-15T06:24:56.991722+00:00,HYPERLIQUID
BTCZAR,SPOT,BTC,ZAR,True,1,15017937.26556685,0,0,10,0,2026-09-15T06:24:56.991722+00:00,VALR
XRPZAR,SPOT,XRP,ZAR,True,2,7791723.568416,0,0,10,0,2026-09-15T06:24:56.991722+00:00,VALR
ETHZAR,SPOT,ETH,ZAR,True,3,1589772.53474612,0,0,10,0,2026-09-15T06:24:56.991722+00:00,VALR
SOLZAR,SPOT,SOL,ZAR,True,4,910149.71352921,0,0,10,0,2026-09-15T06:24:56.991722+00:00,VALR
XRPUSDC,SPOT,XRP,USDC,True,5,798059.80709429,0,0,0.5,0,2026-09-15T06:24:56.991722+00:00,VALR
XRPUSDT,SPOT,XRP,USDT,True,6,267556.81134378,0,0,0.5,0,2026-09-15T06:24:56.991722+00:00,VALR
XLMZAR,SPOT,XLM,ZAR,True,7,237195.747,0,0,10,0,2026-09-15T06:24:56.991722+00:00,VALR
TRXZAR,SPOT,TRX,ZAR,True,8,213170.5139,0,0,10,0,2026-09-15T06:24:56.991722+00:00,VALR
BNBZAR,SPOT,BNB,ZAR,True,9,199202.05505889,0,0,10,0,2026-09-15T06:24:56.991722+00:00,VALR
LTCZAR,SPOT,LTC,ZAR,True,10,167290.5442,0,0,10,0,2026-09-15T06:24:56.991722+00:00,VALR
ETHUSDT,SPOT,ETH,USDT,True,11,132600.0388191018,0,0,0.5,0,2026-09-15T06:24:56.991722+00:00,VALR
LINKZAR,SPOT,LINK,ZAR,True,12,74061.8951,0,0,10,0,2026-09-15T06:24:56.991722+00:00,VALR
BTCUSDT,SPOT,BTC,USDT,True,13,43757.58217869,0,0,0.52,0,2026-09-15T06:24:56.991722+00:00,VALR
BTCUSDC,SPOT,BTC,USDC,True,14,33985.06476997,0,0,0.5,0,2026-09-15T06:24:56.991722+00:00,VALR
AVAXZAR,SPOT,AVAX,ZAR,True,15,30261.058270395,0,0,10,0,2026-09-15T06:24:56.991722+00:00,VALR
SHIBZAR,SPOT,SHIB,ZAR,True,16,25533.3899069,0,0,10,0,2026-09-15T06:24:56.991722+00:00,VALR
ETHUSDC,SPOT,ETH,USDC,True,17,18047.0569673543,0,0,0.5,0,2026-09-15T06:24:56.991722+00:00,VALR
SHIBUSDT,SPOT,SHIB,USDT,True,18,17878.19016567,0,0,0.5,0,2026-09-15T06:24:56.991722+00:00,VALR
XAUTZAR,SPOT,XAUT,ZAR,True,19,13023.6613,0,0,10,0,2026-09-15T06:24:56.991722+00:00,VALR
SOLUSDT,SPOT,SOL,USDT,True,20,11609.54621,0,0,0.5,0,2026-09-15T06:24:56.991722+00:00,VALR
SOLUSDC,SPOT,SOL,USDC,True,21,10232.554482,0,0,0.5,0,2026-09-15T06:24:56.991722+00:00,VALR
TRXUSDT,SPOT,TRX,USDT,True,22,9917.04534,0,0,0.5,0,2026-09-15T06:24:56.991722+00:00,VALR
DOGEZAR,SPOT,DOGE,ZAR,True,23,7326.51597,0,0,10,0,2026-09-15T06:24:56.991722+00:00,VALR
ZARSCUSDT,SPOT,ZARSC,USDT,True,24,3232.50648,0,0,0.5,0,2026-09-15T06:24:56.991722+00:00,VALR
EURCUSDC,SPOT,EURC,USDC,True,25,3215.715108,0,0,0.5,0,2026-09-15T06:24:56.991722+00:00,VALR
AVAXUSDT,SPOT,AVAX,USDT,True,26,2924.1193219,0,0,0.5,0,2026-09-15T06:24:56.991722+00:00,VALR
TRUMPUSDT,SPOT,TRUMP,USDT,True,27,2869.17449,0,0,1.5,0,2026-09-15T06:24:56.991722+00:00,VALR
MSTRXUSDT,SPOT,MSTRX,USDT,True,28,2526.56761,0,0,0.5,0,2026-09-15T06:24:56.991722+00:00,VALR
PUMPUSDT,SPOT,PUMP,USDT,True,29,2270.741824,0,0,0.5,0,2026-09-15T06:24:56.991722+00:00,VALR
XAUTUSDT,SPOT,XAUT,USDT,True,30,1258.06015,0,0,0.5,0,2026-09-15T06:24:56.991722+00:00,VALR
DOGEUSDT,SPOT,DOGE,USDT,True,31,1252.477668,0,0,0.5,0,2026-09-15T06:24:56.991722+00:00,VALR
PENGUUSDT,SPOT,PENGU,USDT,True,32,1126.820155,0,0,0.5,0,2026-09-15T06:24:56.991722+00:00,VALR
BNBUSDT,SPOT,BNB,USDT,True,33,1125.8986,0,0,0.5,0,2026-09-15T06:24:56.991722+00:00,VALR
LTCUSDT,SPOT,LTC,USDT,True,34,1060.85138,0,0,0.5,0,2026-09-15T06:24:56.991722+00:00,VALR
HOODXUSDT,SPOT,HOODX,USDT,True,35,1001.44453,0,0,0.5,0,2026-09-15T06:24:56.991722+00:00,VALR
XLMUSDT,SPOT,XLM,USDT,True,36,602.37883,0,0,0.5,0,2026-09-15T06:24:56.991722+00:00,VALR
VALR10USDT,SPOT,VALR10,USDT,True,37,575.51492,0,0,0.5,0,2026-09-15T06:24:56.991722+00:00,VALR
LINKUSDT,SPOT,LINK,USDT,True,38,467.88309,0,0,0.5,0,2026-09-15T06:24:56.991722+00:00,VALR
SUSDT,SPOT,S,USDT,True,39,250.8367,0,0,0.5,0,2026-09-15T06:24:56.991722+00:00,VALR
BITGOLDUSDT,SPOT,BITGOLD,USDT,True,40,212.49408,0,0,0.5,0,2026-09-15T06:24:56.991722+00:00,VALR
JUPUSDT,SPOT,JUP,USDT,True,41,173.772208,0,0,0.5,0,2026-09-15T06:24:56.991722+00:00,VALR
AVAXUSDC,SPOT,AVAX,USDC,True,42,150.5194794,0,0,0.52,0,2026-09-15T06:24:56.991722+00:00,VALR
NVDAXUSDT,SPOT,NVDAX,USDT,True,43,122.09769,0,0,0.5,0,2026-09-15T06:24:56.991722+00:00,VALR
WLFIUSDT,SPOT,WLFI,USDT,True,44,118.58975,0,0,0.5,0,2026-09-15T06:24:56.991722+00:00,VALR
SPYXUSDT,SPOT,SPYX,USDT,True,45,93.6698,0,0,0.5,0,2026-09-15T06:24:56.991722+00:00,VALR
TSLAXUSDT,SPOT,TSLAX,USDT,True,46,60.98503,0,0,0.5,0,2026-09-15T06:24:56.991722+00:00,VALR
ZROUSDT,SPOT,ZRO,USDT,True,47,50.16123,0,0,0.5,0,2026-09-15T06:24:56.991722+00:00,VALR
WIFUSDT,SPOT,WIF,USDT,True,48,27.704183,0,0,0.5,0,2026-09-15T06:24:56.991722+00:00,VALR
COINXUSDT,SPOT,COINX,USDT,True,49,16.26347,0,0,0.5,0,2026-09-15T06:24:56.991722+00:00,VALR
USDPCUSDT,SPOT,USDPC,USDT,True,50,7.4529,0,0,1,0,2026-09-15T06:24:56.991722+00:00,VALR
PYTHUSDT,SPOT,PYTH,USDT,True,51,4.28806,0,0,0.5,0,2026-09-15T06:24:56.991722+00:00,VALR
ETHBTC,SPOT,ETH,BTC,True,52,0.001505927901,0,0,0.000008,0,2026-09-15T06:24:56.991722+00:00,VALR
2ZUSDC,SPOT,2Z,USDC,True,53,0,0,0,2,0,2026-09-15T06:24:56.991722+00:00,VALR
AAVEUSDC,SPOT,AAVE,USDC,True,54,0,0,0,2,0,2026-09-15T06:24:56.991722+00:00,VALR
ADAUSDC,SPOT,ADA,USDC,True,55,0,0,0,2,0,2026-09-15T06:24:56.991722+00:00,VALR
AEROUSDC,SPOT,AERO,USDC,True,56,0,0,0,2,0,2026-09-15T06:24:56.991722+00:00,VALR
AKTUSDC,SPOT,AKT,USDC,True,57,0,0,0,2,0,2026-09-15T06:24:56.991722+00:00,VALR
ALGOUSDC,SPOT,ALGO,USDC,True,58,0,0,0,2,0,2026-09-15T06:24:56.991722+00:00,VALR
APEUSDC,SPOT,APE,USDC,True,59,0,0,0,2,0,2026-09-15T06:24:56.991722+00:00,VALR
API3USDC,SPOT,API3,USDC,True,60,0,0,0,5.5,0,2026-09-15T06:24:56.991722+00:00,VALR
APTUSDC,SPOT,APT,USDC,True,61,0,0,0,2,0,2026-09-15T06:24:56.991722+00:00,VALR
ARBUSDC,SPOT,ARB,USDC,True,62,0,0,0,2,0,2026-09-15T06:24:56.991722+00:00,VALR
ARKMUSDC,SPOT,ARKM,USDC,True,63,0,0,0,2,0,2026-09-15T06:24:56.991722+00:00,VALR
ATOMUSDC,SPOT,ATOM,USDC,True,64,0,0,0,1.8,0,2026-09-15T06:24:56.991722+00:00,VALR
AXSUSDC,SPOT,AXS,USDC,True,65,0,0,0,2,0,2026-09-15T06:24:56.991722+00:00,VALR
BANDUSDC,SPOT,BAND,USDC,True,66,0,0,0,2,0,2026-09-15T06:24:56.991722+00:00,VALR
BATUSDC,SPOT,BAT,USDC,True,67,0,0,0,2,0,2026-09-15T06:24:56.991722+00:00,VALR
BCHUSDC,SPOT,BCH,USDC,True,68,0,0,0,2,0,2026-09-15T06:24:56.991722+00:00,VALR
BERAUSDC,SPOT,BERA,USDC,True,69,0,0,0,2,0,2026-09-15T06:24:56.991722+00:00,VALR
BICOUSDC,SPOT,BICO,USDC,True,70,0,0,0,2,0,2026-09-15T06:24:56.991722+00:00,VALR
BLURUSDC,SPOT,BLUR,USDC,True,71,0,0,0,2,0,2026-09-15T06:24:56.991722+00:00,VALR
BNBUSDC,SPOT,BNB,USDC,True,72,0,0,0,0.52,0,2026-09-15T06:24:56.991722+00:00,VALR
BNTUSDC,SPOT,BNT,USDC,True,73,0,0,0,2,0,2026-09-15T06:24:56.991722+00:00,VALR
BONKUSDC,SPOT,BONK,USDC,True,74,0,0,0,4,0,2026-09-15T06:24:56.991722+00:00,VALR
CELOUSDC,SPOT,CELO,USDC,True,75,0,0,0,2,0,2026-09-15T06:24:56.991722+00:00,VALR
CHZUSDC,SPOT,CHZ,USDC,True,76,0,0,0,1.8,0,2026-09-15T06:24:56.991722+00:00,VALR
COINXUSDC,SPOT,COINX,USDC,True,77,0,0,0,0.5,0,2026-09-15T06:24:56.991722+00:00,VALR
COMPUSDC,SPOT,COMP,USDC,True,78,0,0,0,2,0,2026-09-15T06:24:56.991722+00:00,VALR
CRCLXUSDC,SPOT,CRCLX,USDC,True,79,0,0,0,0.5,0,2026-09-15T06:24:56.991722+00:00,VALR
CRCLXUSDT,SPOT,CRCLX,USDT,True,80,0,0,0,0.5,0,2026-09-15T06:24:56.991722+00:00,VALR
CRVUSDC,SPOT,CRV,USDC,True,81,0,0,0,2,0,2026-09-15T06:24:56.991722+00:00,VALR
DASHUSDC,SPOT,DASH,USDC,True,82,0,0,0,2,0,2026-09-15T06:24:56.991722+00:00,VALR
DNTUSDC,SPOT,DNT,USDC,True,83,0,0,0,1,0,2026-09-15T06:24:56.991722+00:00,VALR
DOGEUSDC,SPOT,DOGE,USDC,True,84,0,0,0,0.5,0,2026-09-15T06:24:56.991722+00:00,VALR
DOTUSDC,SPOT,DOT,USDC,True,85,0,0,0,2,0,2026-09-15T06:24:56.991722+00:00,VALR
EIGENUSDC,SPOT,EIGEN,USDC,True,86,0,0,0,2,0,2026-09-15T06:24:56.991722+00:00,VALR
ENAUSDC,SPOT,ENA,USDC,True,87,0,0,0,2,0,2026-09-15T06:24:56.991722+00:00,VALR
ENSUSDC,SPOT,ENS,USDC,True,88,0,0,0,2,0,2026-09-15T06:24:56.991722+00:00,VALR
ETCUSDC,SPOT,ETC,USDC,True,89,0,0,0,2,0,2026-09-15T06:24:56.991722+00:00,VALR
EULUSDC,SPOT,EUL,USDC,True,90,0,0,0,2,0,2026-09-15T06:24:56.991722+00:00,VALR
EZARUSDC,SPOT,EZAR,USDC,True,91,0,0,0,0.5,0,2026-09-15T06:24:56.991722+00:00,VALR
FARTCOINUSDC,SPOT,FARTCOIN,USDC,True,92,0,0,0,2,0,2026-09-15T06:24:56.991722+00:00,VALR
FETUSDC,SPOT,FET,USDC,True,93,0,0,0,2,0,2026-09-15T06:24:56.991722+00:00,VALR
FILUSDC,SPOT,FIL,USDC,True,94,0,0,0,2,0,2026-09-15T06:24:56.991722+00:00,VALR
FLOKIUSDC,SPOT,FLOKI,USDC,True,95,0,0,0,2,0,2026-09-15T06:24:56.991722+00:00,VALR
GNTUSDC,SPOT,GNT,USDC,True,96,0,0,0,2,0,2026-09-15T06:24:56.991722+00:00,VALR
GRTUSDC,SPOT,GRT,USDC,True,97,0,0,0,3,0,2026-09-15T06:24:56.991722+00:00,VALR
GUSDC,SPOT,G,USDC,True,98,0,0,0,2,0,2026-09-15T06:24:56.991722+00:00,VALR
HBARUSDC,SPOT,HBAR,USDC,True,99,0,0,0,2,0,2026-09-15T06:24:56.991722+00:00,VALR
HFTUSDC,SPOT,HFT,USDC,True,100,0,0,0,2,0,2026-09-15T06:24:56.991722+00:00,VALR
HNTUSDC,SPOT,HNT,USDC,True,101,0,0,0,2,0,2026-09-15T06:24:56.991722+00:00,VALR
HOODXUSDC,SPOT,HOODX,USDC,True,102,0,0,0,0.5,0,2026-09-15T06:24:56.991722+00:00,VALR
HYPEUSDC,SPOT,HYPE,USDC,True,103,0,0,0,2,0,2026-09-15T06:24:56.991722+00:00,VALR
ICPUSDC,SPOT,ICP,USDC,True,104,0,0,0,4.2,0,2026-09-15T06:24:56.991722+00:00,VALR
ILVUSDC,SPOT,ILV,USDC,True,105,0,0,0,2.5,0,2026-09-15T06:24:56.991722+00:00,VALR
IMXUSDC,SPOT,IMX,USDC,True,106,0,0,0,6.5,0,2026-09-15T06:24:56.991722+00:00,VALR
INJUSDC,SPOT,INJ,USDC,True,107,0,0,0,30,0,2026-09-15T06:24:56.991722+00:00,VALR
IOUSDC,SPOT,IO,USDC,True,108,0,0,0,2,0,2026-09-15T06:24:56.991722+00:00,VALR
IPUSDC,SPOT,IP,USDC,True,109,0,0,0,2,0,2026-09-15T06:24:56.991722+00:00,VALR
JTOUSDC,SPOT,JTO,USDC,True,110,0,0,0,2,0,2026-09-15T06:24:56.991722+00:00,VALR
JUPUSDC,SPOT,JUP,USDC,True,111,0,0,0,0.5,0,2026-09-15T06:24:56.991722+00:00,VALR
KARRATUSDC,SPOT,KARRAT,USDC,True,112,0,0,0,2,0,2026-09-15T06:24:56.991722+00:00,VALR
KMNOUSDC,SPOT,KMNO,USDC,True,113,0,0,0,2,0,2026-09-15T06:24:56.991722+00:00,VALR
KSMUSDC,SPOT,KSM,USDC,True,114,0,0,0,2.5,0,2026-09-15T06:24:56.991722+00:00,VALR
LDOUSDC,SPOT,LDO,USDC,True,115,0,0,0,2,0,2026-09-15T06:24:56.991722+00:00,VALR
LIGHTERUSDC,SPOT,LIGHTER,USDC,True,116,0,0,0,2,0,2026-09-15T06:24:56.991722+00:00,VALR
LINEAUSDC,SPOT,LINEA,USDC,True,117,0,0,0,2,0,2026-09-15T06:24:56.991722+00:00,VALR
LINKUSDC,SPOT,LINK,USDC,True,118,0,0,0,2,0,2026-09-15T06:24:56.991722+00:00,VALR
LTCUSDC,SPOT,LTC,USDC,True,119,0,0,0,2,0,2026-09-15T06:24:56.991722+00:00,VALR
MAGICUSDC,SPOT,MAGIC,USDC,True,120,0,0,0,2,0,2026-09-15T06:24:56.991722+00:00,VALR
MANAUSDC,SPOT,MANA,USDC,True,121,0,0,0,2,0,2026-09-15T06:24:56.991722+00:00,VALR
MANTLEUSDC,SPOT,MANTLE,USDC,True,122,0,0,0,2,0,2026-09-15T06:24:56.991722+00:00,VALR
MASKUSDC,SPOT,MASK,USDC,True,123,0,0,0,3.4,0,2026-09-15T06:24:56.991722+00:00,VALR
METUSDC,SPOT,MET,USDC,True,124,0,0,0,2,0,2026-09-15T06:24:56.991722+00:00,VALR
MINAUSDC,SPOT,MINA,USDC,True,125,0,0,0,2.5,0,2026-09-15T06:24:56.991722+00:00,VALR
MONUSDC,SPOT,MON,USDC,True,126,0,0,0,2,0,2026-09-15T06:24:56.991722+00:00,VALR
MSTRXUSDC,SPOT,MSTRX,USDC,True,127,0,0,0,0.5,0,2026-09-15T06:24:56.991722+00:00,VALR
NEARUSDC,SPOT,NEAR,USDC,True,128,0,0,0,2,0,2026-09-15T06:24:56.991722+00:00,VALR
NEIROUSDC,SPOT,NEIRO,USDC,True,129,0,0,0,0.5,0,2026-09-15T06:24:56.991722+00:00,VALR
NEONUSDC,SPOT,NEON,USDC,True,130,0,0,0,2,0,2026-09-15T06:24:56.991722+00:00,VALR
NVDAXUSDC,SPOT,NVDAX,USDC,True,131,0,0,0,0.5,0,2026-09-15T06:24:56.991722+00:00,VALR
OGNUSDC,SPOT,OGN,USDC,True,132,0,0,0,2,0,2026-09-15T06:24:56.991722+00:00,VALR
ONDOUSDC,SPOT,ONDO,USDC,True,133,0,0,0,2,0,2026-09-15T06:24:56.991722+00:00,VALR
OPUSDC,SPOT,OP,USDC,True,134,0,0,0,2.9,0,2026-09-15T06:24:56.991722+00:00,VALR
ORDERUSDC,SPOT,ORDER,USDC,True,135,0,0,0,0.5,0,2026-09-15T06:24:56.991722+00:00,VALR
ORDERUSDT,SPOT,ORDER,USDT,True,136,0,0,0,0.5,0,2026-09-15T06:24:56.991722+00:00,VALR
OSMOUSDC,SPOT,OSMO,USDC,True,137,0,0,0,3,0,2026-09-15T06:24:56.991722+00:00,VALR
PENDLEUSDC,SPOT,PENDLE,USDC,True,138,0,0,0,2,0,2026-09-15T06:24:56.991722+00:00,VALR
PENGUUSDC,SPOT,PENGU,USDC,True,139,0,0,0,0.5,0,2026-09-15T06:24:56.991722+00:00,VALR
PEPEUSDC,SPOT,PEPE,USDC,True,140,0,0,0,2,0,2026-09-15T06:24:56.991722+00:00,VALR
PNUTUSDC,SPOT,PNUT,USDC,True,141,0,0,0,0.5,0,2026-09-15T06:24:56.991722+00:00,VALR
PNUTUSDT,SPOT,PNUT,USDT,True,142,0,0,0,0.5,0,2026-09-15T06:24:56.991722+00:00,VALR
POLUSDC,SPOT,POL,USDC,True,143,0,0,0,2,0,2026-09-15T06:24:56.991722+00:00,VALR
POPCATUSDC,SPOT,POPCAT,USDC,True,144,0,0,0,0.5,0,2026-09-15T06:24:56.991722+00:00,VALR
POPCATUSDT,SPOT,POPCAT,USDT,True,145,0,0,0,0.5,0,2026-09-15T06:24:56.991722+00:00,VALR
PUMPUSDC,SPOT,PUMP,USDC,True,146,0,0,0,1,0,2026-09-15T06:24:56.991722+00:00,VALR
PYRUSDC,SPOT,PYR,USDC,True,147,0,0,0,3,0,2026-09-15T06:24:56.991722+00:00,VALR
PYTHUSDC,SPOT,PYTH,USDC,True,148,0,0,0,0.5,0,2026-09-15T06:24:56.991722+00:00,VALR
QNTUSDC,SPOT,QNT,USDC,True,149,0,0,0,2,0,2026-09-15T06:24:56.991722+00:00,VALR
RENDERUSDC,SPOT,RENDER,USDC,True,150,0,0,0,2,0,2026-09-15T06:24:56.991722+00:00,VALR
RLCUSDC,SPOT,RLC,USDC,True,151,0,0,0,2,0,2026-09-15T06:24:56.991722+00:00,VALR
RLUSDUSDC,SPOT,RLUSD,USDC,True,152,0,0,0,1,0,2026-09-15T06:24:56.991722+00:00,VALR
RLUSDUSDT,SPOT,RLUSD,USDT,True,153,0,0,0,0.5,0,2026-09-15T06:24:56.991722+00:00,VALR
RLUSDZAR,SPOT,RLUSD,ZAR,True,154,0,0,0,10,0,2026-09-15T06:24:56.991722+00:00,VALR
SANDUSDC,SPOT,SAND,USDC,True,155,0,0,0,1.8,0,2026-09-15T06:24:56.991722+00:00,VALR
SAPIENUSDC,SPOT,SAPIEN,USDC,True,156,0,0,0,2,0,2026-09-15T06:24:56.991722+00:00,VALR
SEIUSDC,SPOT,SEI,USDC,True,157,0,0,0,2.5,0,2026-09-15T06:24:56.991722+00:00,VALR
SHDWUSDC,SPOT,SHDW,USDC,True,158,0,0,0,2,0,2026-09-15T06:24:56.991722+00:00,VALR
SHIBUSDC,SPOT,SHIB,USDC,True,159,0,0,0,0.59,0,2026-09-15T06:24:56.991722+00:00,VALR
SKLUSDC,SPOT,SKL,USDC,True,160,0,0,0,3,0,2026-09-15T06:24:56.991722+00:00,VALR
SKYUSDC,SPOT,SKY,USDC,True,161,0,0,0,2,0,2026-09-15T06:24:56.991722+00:00,VALR
SNXUSDC,SPOT,SNX,USDC,True,162,0,0,0,2.9,0,2026-09-15T06:24:56.991722+00:00,VALR
SPXUSDC,SPOT,SPX,USDC,True,163,0,0,0,2,0,2026-09-15T06:24:56.991722+00:00,VALR
SPYXUSDC,SPOT,SPYX,USDC,True,164,0,0,0,0.5,0,2026-09-15T06:24:56.991722+00:00,VALR
STORJUSDC,SPOT,STORJ,USDC,True,165,0,0,0,2,0,2026-09-15T06:24:56.991722+00:00,VALR
STRKUSDC,SPOT,STRK,USDC,True,166,0,0,0,2,0,2026-09-15T06:24:56.991722+00:00,VALR
STXUSDC,SPOT,STX,USDC,True,167,0,0,0,8,0,2026-09-15T06:24:56.991722+00:00,VALR
SUIUSDC,SPOT,SUI,USDC,True,168,0,0,0,2,0,2026-09-15T06:24:56.991722+00:00,VALR
SUPERUSDC,SPOT,SUPER,USDC,True,169,0,0,0,8,0,2026-09-15T06:24:56.991722+00:00,VALR
SUSDC,SPOT,S,USDC,True,170,0,0,0,0.5,0,2026-09-15T06:24:56.991722+00:00,VALR
SUSHIUSDC,SPOT,SUSHI,USDC,True,171,0,0,0,1.7,0,2026-09-15T06:24:56.991722+00:00,VALR
SYRUPUSDC,SPOT,SYRUP,USDC,True,172,0,0,0,2,0,2026-09-15T06:24:56.991722+00:00,VALR
TAOUSDC,SPOT,TAO,USDC,True,173,0,0,0,2,0,2026-09-15T06:24:56.991722+00:00,VALR
TIAUSDC,SPOT,TIA,USDC,True,174,0,0,0,2,0,2026-09-15T06:24:56.991722+00:00,VALR
TNSRUSDC,SPOT,TNSR,USDC,True,175,0,0,0,2,0,2026-09-15T06:24:56.991722+00:00,VALR
TONUSDC,SPOT,TON,USDC,True,176,0,0,0,2,0,2026-09-15T06:24:56.991722+00:00,VALR
TRBUSDC,SPOT,TRB,USDC,True,177,0,0,0,25,0,2026-09-15T06:24:56.991722+00:00,VALR
TRUMPUSDC,SPOT,TRUMP,USDC,True,178,0,0,0,1,0,2026-09-15T06:24:56.991722+00:00,VALR
TRXUSDC,SPOT,TRX,USDC,True,179,0,0,0,0.5,0,2026-09-15T06:24:56.991722+00:00,VALR
TSLAXUSDC,SPOT,TSLAX,USDC,True,180,0,0,0,0.5,0,2026-09-15T06:24:56.991722+00:00,VALR
UNIUSDC,SPOT,UNI,USDC,True,181,0,0,0,2,0,2026-09-15T06:24:56.991722+00:00,VALR
USDPCUSDC,SPOT,USDPC,USDC,True,182,0,0,0,1,0,2026-09-15T06:24:56.991722+00:00,VALR
USDSUSDC,SPOT,USDS,USDC,True,183,0,0,0,2,0,2026-09-15T06:24:56.991722+00:00,VALR
USDT0USDC,SPOT,USDT0,USDC,True,184,0,0,0,1,0,2026-09-15T06:24:56.991722+00:00,VALR
USELESSUSDC,SPOT,USELESS,USDC,True,185,0,0,0,2,0,2026-09-15T06:24:56.991722+00:00,VALR
VVVUSDC,SPOT,VVV,USDC,True,186,0,0,0,2,0,2026-09-15T06:24:56.991722+00:00,VALR
WIFUSDC,SPOT,WIF,USDC,True,187,0,0,0,0.5,0,2026-09-15T06:24:56.991722+00:00,VALR
WLDUSDC,SPOT,WLD,USDC,True,188,0,0,0,2,0,2026-09-15T06:24:56.991722+00:00,VALR
WLFIUSDC,SPOT,WLFI,USDC,True,189,0,0,0,0.5,0,2026-09-15T06:24:56.991722+00:00,VALR
WUSDC,SPOT,W,USDC,True,190,0,0,0,0.5,0,2026-09-15T06:24:56.991722+00:00,VALR
WUSDT,SPOT,W,USDT,True,191,0,0,0,0.5,0,2026-09-15T06:24:56.991722+00:00,VALR
XAUTUSDC,SPOT,XAUT,USDC,True,192,0,0,0,0.5,0,2026-09-15T06:24:56.991722+00:00,VALR
XLMUSDC,SPOT,XLM,USDC,True,193,0,0,0,2,0,2026-09-15T06:24:56.991722+00:00,VALR
XPLUSDC,SPOT,XPL,USDC,True,194,0,0,0,2,0,2026-09-15T06:24:56.991722+00:00,VALR
XTZUSDC,SPOT,XTZ,USDC,True,195,0,0,0,2,0,2026-09-15T06:24:56.991722+00:00,VALR
YFIUSDC,SPOT,YFI,USDC,True,196,0,0,0,2,0,2026-09-15T06:24:56.991722+00:00,VALR
ZARSCUSDC,SPOT,ZARSC,USDC,True,197,0,0,0,0.5,0,2026-09-15T06:24:56.991722+00:00,VALR
ZARSCZAR,SPOT,ZARSC,ZAR,True,198,0,0,0,10,0,2026-09-15T06:24:56.991722+00:00,VALR
ZECUSDC,SPOT,ZEC,USDC,True,199,0,0,0,2,0,2026-09-15T06:24:56.991722+00:00,VALR
ZORAUSDC,SPOT,ZORA,USDC,True,200,0,0,0,2,0,2026-09-15T06:24:56.991722+00:00,VALR
ZROUSDC,SPOT,ZRO,USDC,True,201,0,0,0,0.5,0,2026-09-15T06:24:56.991722+00:00,VALR
ZRXUSDC,SPOT,ZRX,USDC,True,202,0,0,0,2,0,2026-09-15T06:24:56.991722+00:00,VALR
