timestamp_utc,stage,mode,detail
2026-09-03T01:45:30.478171+00:00,hip3_discovery_done,readonly,"{""active"": 136, ""as_of"": ""2026-09-03T01:45:28.032837+00:00"", ""dexs"": 10, ""instruments"": 278, ""top_by_dex"": {""abcd"": [], ""cash"": [], ""flx"": [], ""hyna"": [], ""io"": [""io:SNDK"", ""io:NBIS"", ""io:ANTH"", ""io:GPRO"", ""io:OAI""], ""km"": [], ""mkts"": [""mkts:US500"", ""mkts:USTECH"", ""mkts:SMALL2000"", ""mkts:USBOND""], ""para"": [""para:CRDO"", ""para:AVGO"", ""para:ANSEM"", ""para:RDDT"", ""para:UNITREE"", ""para:COHR"", ""para:VST"", ""para:NET"", ""para:CRWD"", ""para:10Y""], ""vntl"": [], ""xyz"": [""xyz:CL"", ""xyz:XYZ100"", ""xyz:SKHX"", ""xyz:SP500"", ""xyz:SNDK"", ""xyz:GOLD"", ""xyz:SILVER"", ""xyz:NVDA"", ""xyz:BRENTOIL"", ""xyz:SPCX""]}}"
2026-09-03T01:57:01.211771+00:00,hip3_research_done,readonly,"{""annotated_selected"": 60, ""as_of"": ""2026-09-03T01:45:31.446535+00:00"", ""class_breadth"": {""classes"": 4, ""enabled"": true, ""group_to_class"": {""mkts_index_c0"": ""index"", ""para_equity_c0"": ""equity"", ""xyz_commodity_c0"": ""commodity"", ""xyz_equity_c0"": ""equity"", ""xyz_fx_c0"": ""fx"", ""xyz_index_c0"": ""index""}, ""symbols_by_class"": {""commodity"": 5, ""equity"": 38, ""fx"": 1, ""index"": 4}}, ""classification_status"": ""authoritative"", ""cost_bps"": 30.0, ""coverage_failed"": 12, ""coverage_ok"": 48, ""discovered_slices"": 11184, ""effective_cost_bps"": {""assumed_cost_bps"": 30.0, ""base_taker_fee_bps"": 4.5, ""source"": ""measured_l2_roundtrip"", ""value"": 10.27}, ""fail_top"": [[""breadth_ok"", 10513], [""mean_net<=0"", 9556], [""temporal_pass"", 9047], [""regime_confounded"", 8158], [""direction_ok"", 5592]], ""hip3_paper_book"": {""frozen"": false, ""rows"": 1, ""sync"": {""blocked_for_green_breadth"": 0, ""carried_cooldown"": 0, ""carried_decayed"": 0, ""carried_kinds"": [], ""carried_monitored"": 0, ""carried_total"": 0, ""concentrated"": 0, ""cooldown"": 0, ""decayed"": 0, ""families_considered"": 1, ""families_promoted"": 1, ""green_assets_total"": 19, ""monitored"": 1, ""multi_horizon_min_passes"": 2, ""multi_horizon_select"": ""edge_per_bar"", ""net_edge_floor_enter_bps"": {""PERP"": ""40.0""}, ""net_edge_floor_keep_bps"": {""PERP"": ""40.0""}, ""paper_protected"": 0, ""per_asset_aware"": true, ""promotable"": 14, ""promoted_green_fraction_mean"": 0.5278, ""rows_total_after_sync"": 1, ""session_gate_blocked"": 0, ""validated"": 18}}, ""horizons"": [1, 2, 3, 4, 5, 6, 7, 8, 9, 10, 11, 12, 13, 14, 15, 16, 17, 18, 19, 20, 21, 22, 23, 24], ""l2_spread_bps"": {""max"": 18.63, ""median"": 0.64, ""min"": 0.05, ""sampled"": 60, ""unmeasured"": 0}, ""methodology_parity"": {""actual"": {""breadth_min_positive_fraction"": ""0.40"", ""breadth_min_rows_per_symbol"": ""10"", ""breadth_min_symbols"": ""6"", ""candle_count"": 1000, ""horizons"": [1, 2, 3, 4, 5, 6, 7, 8, 9, 10, 11, 12, 13, 14, 15, 16, 17, 18, 19, 20, 21, 22, 23, 24], ""max_pairs"": 60, ""min_net_edge"": ""0.004"", ""promotion_multi_horizon_min_passes"": ""2"", ""promotion_multi_horizon_select"": ""edge_per_bar"", ""relaxed_min_passes"": ""2"", ""require_bonferroni"": ""0"", ""rolling_min_periods"": ""200"", ""state_quantiles"": ""0.333333,0.666666"", ""strict_pass_floor"": ""3""}, ""expected"": {""breadth_min_positive_fraction"": ""0.40"", ""breadth_min_rows_per_symbol"": ""10"", ""breadth_min_symbols"": ""6"", ""candle_count"": 1000, ""horizons"": [1, 2, 3, 4, 5, 6, 7, 8, 9, 10, 11, 12, 13, 14, 15, 16, 17, 18, 19, 20, 21, 22, 23, 24], ""max_pairs"": 60, ""min_net_edge"": ""0.002"", ""promotion_multi_horizon_min_passes"": ""2"", ""promotion_multi_horizon_select"": ""edge_per_bar"", ""relaxed_min_passes"": ""2"", ""require_bonferroni"": ""0"", ""rolling_min_periods"": ""200"", ""state_quantiles"": ""0.333333,0.666666"", ""strict_pass_floor"": ""3""}, ""mismatches"": [""min_net_edge""], ""status"": ""mismatch""}, ""paper_enabled"": false, ""per_asset_edges"": {""blocked"": 73625, ""green"": 16087, ""rows"": 89760, ""untested"": 48}, ""promotion_blocked_reasons"": [""market_calendars_not_enforced"", ""historical_oracle_quality_not_available"", ""no_hip3_paper_evidence""], ""promotion_enabled"": false, ""promotion_gate"": {""blockers"": [{""evidence"": ""60/60 selected coins in an authoritative class (0 provisional); live-stage blocker - paper measurement is group-scoped and cannot cross-contaminate pools"", ""name"": ""market_classification_not_fully_authoritative"", ""resolved"": true, ""stage"": ""live""}, {""evidence"": ""l2 samples 60/30 minimum; measured round-trip cost 10.27 bps (median half-spread + 4.5 bps taker, x2 legs)"", ""name"": ""effective_costs_not_measured"", ""resolved"": true, ""stage"": ""paper""}, {""evidence"": ""distinct collateral token ids in selected: [0]; all confirmed (operator list: [0, 235])"", ""name"": ""collateral_tokens_not_resolved"", ""resolved"": true, ""stage"": ""paper""}, {""evidence"": ""research treats all HIP-3 sessions as 24/7; equity/FX/commodity calendars are not modeled"", ""name"": ""market_calendars_not_enforced"", ""resolved"": false, ""stage"": ""live""}, {""evidence"": ""oracle prints are not exposed by the API; cross-DEX divergence proxy not impl"
2026-09-04T01:45:33.227118+00:00,hip3_discovery_done,readonly,"{""active"": 137, ""as_of"": ""2026-09-04T01:45:30.074663+00:00"", ""dexs"": 10, ""instruments"": 279, ""top_by_dex"": {""abcd"": [], ""cash"": [], ""flx"": [], ""hyna"": [], ""io"": [""io:SNDK"", ""io:NBIS"", ""io:ANTH"", ""io:GPRO"", ""io:OAI""], ""km"": [], ""mkts"": [""mkts:US500"", ""mkts:USTECH"", ""mkts:SMALL2000"", ""mkts:USBOND""], ""para"": [""para:CRDO"", ""para:ANSEM"", ""para:AVGO"", ""para:UNITREE"", ""para:BTCD"", ""para:GLW"", ""para:VST"", ""para:CIEN"", ""para:STX"", ""para:COHR""], ""vntl"": [], ""xyz"": [""xyz:CL"", ""xyz:SKHX"", ""xyz:SP500"", ""xyz:SPCX"", ""xyz:XYZ100"", ""xyz:BRENTOIL"", ""xyz:SNDK"", ""xyz:MU"", ""xyz:NVDA"", ""xyz:SILVER""]}}"
2026-09-04T02:01:55.278751+00:00,hip3_research_done,readonly,"{""annotated_selected"": 60, ""as_of"": ""2026-09-04T01:45:34.007529+00:00"", ""class_breadth"": {""classes"": 4, ""enabled"": true, ""group_to_class"": {""mkts_index_c0"": ""index"", ""para_equity_c0"": ""equity"", ""xyz_commodity_c0"": ""commodity"", ""xyz_equity_c0"": ""equity"", ""xyz_fx_c0"": ""fx"", ""xyz_index_c0"": ""index""}, ""symbols_by_class"": {""commodity"": 6, ""equity"": 41, ""fx"": 1, ""index"": 3}}, ""classification_status"": ""authoritative"", ""cost_bps"": 30.0, ""coverage_failed"": 9, ""coverage_ok"": 51, ""discovered_slices"": 11184, ""effective_cost_bps"": {""assumed_cost_bps"": 30.0, ""base_taker_fee_bps"": 4.5, ""source"": ""measured_l2_roundtrip"", ""value"": 9.99}, ""fail_top"": [[""breadth_ok"", 9793], [""mean_net<=0"", 9135], [""temporal_pass"", 8891], [""regime_confounded"", 7493], [""direction_ok"", 5592]], ""hip3_paper_book"": {""frozen"": false, ""rows"": 20, ""sync"": {""blocked_for_green_breadth"": 34, ""carried_cooldown"": 0, ""carried_decayed"": 0, ""carried_kinds"": [], ""carried_monitored"": 0, ""carried_total"": 0, ""concentrated"": 0, ""cooldown"": 0, ""decayed"": 0, ""families_considered"": 22, ""families_promoted"": 20, ""green_assets_total"": 336, ""monitored"": 20, ""multi_horizon_min_passes"": 2, ""multi_horizon_select"": ""edge_per_bar"", ""net_edge_floor_enter_bps"": {""PERP"": ""40.0""}, ""net_edge_floor_keep_bps"": {""PERP"": ""40.0""}, ""paper_protected"": 0, ""per_asset_aware"": true, ""promotable"": 155, ""promoted_green_fraction_mean"": 0.5718, ""rows_total_after_sync"": 20, ""session_gate_blocked"": 1, ""validated"": 852}}, ""horizons"": [1, 2, 3, 4, 5, 6, 7, 8, 9, 10, 11, 12, 13, 14, 15, 16, 17, 18, 19, 20, 21, 22, 23, 24], ""l2_spread_bps"": {""max"": 15.45, ""median"": 0.49, ""min"": 0.05, ""sampled"": 60, ""unmeasured"": 0}, ""methodology_parity"": {""actual"": {""breadth_min_positive_fraction"": ""0.40"", ""breadth_min_rows_per_symbol"": ""10"", ""breadth_min_symbols"": ""6"", ""candle_count"": 1000, ""horizons"": [1, 2, 3, 4, 5, 6, 7, 8, 9, 10, 11, 12, 13, 14, 15, 16, 17, 18, 19, 20, 21, 22, 23, 24], ""max_pairs"": 60, ""min_net_edge"": ""0.004"", ""promotion_multi_horizon_min_passes"": ""2"", ""promotion_multi_horizon_select"": ""edge_per_bar"", ""relaxed_min_passes"": ""2"", ""require_bonferroni"": ""0"", ""rolling_min_periods"": ""200"", ""state_quantiles"": ""0.333333,0.666666"", ""strict_pass_floor"": ""3""}, ""expected"": {""breadth_min_positive_fraction"": ""0.40"", ""breadth_min_rows_per_symbol"": ""10"", ""breadth_min_symbols"": ""6"", ""candle_count"": 1000, ""horizons"": [1, 2, 3, 4, 5, 6, 7, 8, 9, 10, 11, 12, 13, 14, 15, 16, 17, 18, 19, 20, 21, 22, 23, 24], ""max_pairs"": 60, ""min_net_edge"": ""0.002"", ""promotion_multi_horizon_min_passes"": ""2"", ""promotion_multi_horizon_select"": ""edge_per_bar"", ""relaxed_min_passes"": ""2"", ""require_bonferroni"": ""0"", ""rolling_min_periods"": ""200"", ""state_quantiles"": ""0.333333,0.666666"", ""strict_pass_floor"": ""3""}, ""mismatches"": [""min_net_edge""], ""status"": ""mismatch""}, ""paper_enabled"": false, ""per_asset_edges"": {""blocked"": 77254, ""green"": 18074, ""rows"": 95376, ""untested"": 48}, ""promotion_blocked_reasons"": [""market_calendars_not_enforced"", ""historical_oracle_quality_not_available"", ""no_hip3_paper_evidence""], ""promotion_enabled"": false, ""promotion_gate"": {""blockers"": [{""evidence"": ""60/60 selected coins in an authoritative class (0 provisional); live-stage blocker - paper measurement is group-scoped and cannot cross-contaminate pools"", ""name"": ""market_classification_not_fully_authoritative"", ""resolved"": true, ""stage"": ""live""}, {""evidence"": ""l2 samples 60/30 minimum; measured round-trip cost 9.99 bps (median half-spread + 4.5 bps taker, x2 legs)"", ""name"": ""effective_costs_not_measured"", ""resolved"": true, ""stage"": ""paper""}, {""evidence"": ""distinct collateral token ids in selected: [0]; all confirmed (operator list: [0, 235])"", ""name"": ""collateral_tokens_not_resolved"", ""resolved"": true, ""stage"": ""paper""}, {""evidence"": ""research treats all HIP-3 sessions as 24/7; equity/FX/commodity calendars are not modeled"", ""name"": ""market_calendars_not_enforced"", ""resolved"": false, ""stage"": ""live""}, {""evidence"": ""oracle prints are not exposed by the API; cross-DEX divergence proxy not"
2026-09-05T01:45:32.940680+00:00,hip3_discovery_done,readonly,"{""active"": 138, ""as_of"": ""2026-09-05T01:45:31.098029+00:00"", ""dexs"": 10, ""instruments"": 279, ""top_by_dex"": {""abcd"": [], ""cash"": [], ""flx"": [], ""hyna"": [], ""io"": [""io:SNDK"", ""io:ANTH"", ""io:NBIS"", ""io:GPRO"", ""io:OAI""], ""km"": [], ""mkts"": [""mkts:US500"", ""mkts:USTECH"", ""mkts:SMALL2000"", ""mkts:USBOND""], ""para"": [""para:CRDO"", ""para:ANSEM"", ""para:UNITREE"", ""para:10Y"", ""para:COHR"", ""para:AVGO"", ""para:TTWO"", ""para:CRWD"", ""para:TOTAL2"", ""para:IREN""], ""vntl"": [], ""xyz"": [""xyz:CL"", ""xyz:SKHX"", ""xyz:SNDK"", ""xyz:XYZ100"", ""xyz:SP500"", ""xyz:MU"", ""xyz:BRENTOIL"", ""xyz:SILVER"", ""xyz:GOLD"", ""xyz:SPCX""]}}"
2026-09-05T02:05:32.114510+00:00,hip3_research_done,readonly,"{""annotated_selected"": 60, ""as_of"": ""2026-09-05T01:45:33.944248+00:00"", ""class_breadth"": {""classes"": 4, ""enabled"": true, ""group_to_class"": {""mkts_index_c0"": ""index"", ""para_equity_c0"": ""equity"", ""xyz_commodity_c0"": ""commodity"", ""xyz_equity_c0"": ""equity"", ""xyz_fx_c0"": ""fx"", ""xyz_index_c0"": ""index""}, ""symbols_by_class"": {""commodity"": 6, ""equity"": 40, ""fx"": 2, ""index"": 4}}, ""classification_status"": ""authoritative"", ""cost_bps"": 30.0, ""coverage_failed"": 8, ""coverage_ok"": 52, ""discovered_slices"": 11232, ""effective_cost_bps"": {""assumed_cost_bps"": 30.0, ""base_taker_fee_bps"": 4.5, ""source"": ""measured_l2_roundtrip"", ""value"": 9.86}, ""fail_top"": [[""breadth_ok"", 9764], [""mean_net<=0"", 9077], [""temporal_pass"", 8523], [""regime_confounded"", 7898], [""direction_ok"", 5616]], ""hip3_paper_book"": {""frozen"": false, ""rows"": 36, ""sync"": {""blocked_for_green_breadth"": 27, ""carried_cooldown"": 0, ""carried_decayed"": 0, ""carried_kinds"": [], ""carried_monitored"": 0, ""carried_total"": 0, ""concentrated"": 0, ""cooldown"": 0, ""decayed"": 0, ""families_considered"": 37, ""families_promoted"": 36, ""green_assets_total"": 631, ""monitored"": 36, ""multi_horizon_min_passes"": 2, ""multi_horizon_select"": ""edge_per_bar"", ""net_edge_floor_enter_bps"": {""PERP"": ""40.0""}, ""net_edge_floor_keep_bps"": {""PERP"": ""40.0""}, ""paper_protected"": 0, ""per_asset_aware"": true, ""promotable"": 259, ""promoted_green_fraction_mean"": 0.5236, ""rows_total_after_sync"": 36, ""session_gate_blocked"": 0, ""validated"": 1178}}, ""horizons"": [1, 2, 3, 4, 5, 6, 7, 8, 9, 10, 11, 12, 13, 14, 15, 16, 17, 18, 19, 20, 21, 22, 23, 24], ""l2_spread_bps"": {""max"": 26.48, ""median"": 0.43, ""min"": 0.05, ""sampled"": 60, ""unmeasured"": 0}, ""methodology_parity"": {""actual"": {""breadth_min_positive_fraction"": ""0.40"", ""breadth_min_rows_per_symbol"": ""10"", ""breadth_min_symbols"": ""6"", ""candle_count"": 1000, ""horizons"": [1, 2, 3, 4, 5, 6, 7, 8, 9, 10, 11, 12, 13, 14, 15, 16, 17, 18, 19, 20, 21, 22, 23, 24], ""max_pairs"": 60, ""min_net_edge"": ""0.004"", ""promotion_multi_horizon_min_passes"": ""2"", ""promotion_multi_horizon_select"": ""edge_per_bar"", ""relaxed_min_passes"": ""2"", ""require_bonferroni"": ""0"", ""rolling_min_periods"": ""200"", ""state_quantiles"": ""0.333333,0.666666"", ""strict_pass_floor"": ""3""}, ""expected"": {""breadth_min_positive_fraction"": ""0.40"", ""breadth_min_rows_per_symbol"": ""10"", ""breadth_min_symbols"": ""6"", ""candle_count"": 1000, ""horizons"": [1, 2, 3, 4, 5, 6, 7, 8, 9, 10, 11, 12, 13, 14, 15, 16, 17, 18, 19, 20, 21, 22, 23, 24], ""max_pairs"": 60, ""min_net_edge"": ""0.002"", ""promotion_multi_horizon_min_passes"": ""2"", ""promotion_multi_horizon_select"": ""edge_per_bar"", ""relaxed_min_passes"": ""2"", ""require_bonferroni"": ""0"", ""rolling_min_periods"": ""200"", ""state_quantiles"": ""0.333333,0.666666"", ""strict_pass_floor"": ""3""}, ""mismatches"": [""min_net_edge""], ""status"": ""mismatch""}, ""paper_enabled"": false, ""per_asset_edges"": {""blocked"": 78280, ""green"": 19016, ""rows"": 97296, ""untested"": 0}, ""promotion_blocked_reasons"": [""market_calendars_not_enforced"", ""historical_oracle_quality_not_available"", ""no_hip3_paper_evidence""], ""promotion_enabled"": false, ""promotion_gate"": {""blockers"": [{""evidence"": ""60/60 selected coins in an authoritative class (0 provisional); live-stage blocker - paper measurement is group-scoped and cannot cross-contaminate pools"", ""name"": ""market_classification_not_fully_authoritative"", ""resolved"": true, ""stage"": ""live""}, {""evidence"": ""l2 samples 60/30 minimum; measured round-trip cost 9.86 bps (median half-spread + 4.5 bps taker, x2 legs)"", ""name"": ""effective_costs_not_measured"", ""resolved"": true, ""stage"": ""paper""}, {""evidence"": ""distinct collateral token ids in selected: [0]; all confirmed (operator list: [0, 235])"", ""name"": ""collateral_tokens_not_resolved"", ""resolved"": true, ""stage"": ""paper""}, {""evidence"": ""research treats all HIP-3 sessions as 24/7; equity/FX/commodity calendars are not modeled"", ""name"": ""market_calendars_not_enforced"", ""resolved"": false, ""stage"": ""live""}, {""evidence"": ""oracle prints are not exposed by the API; cross-DEX divergence proxy not"
2026-09-06T01:45:35.222140+00:00,hip3_discovery_done,readonly,"{""active"": 138, ""as_of"": ""2026-09-06T01:45:33.074812+00:00"", ""dexs"": 10, ""instruments"": 280, ""top_by_dex"": {""abcd"": [], ""cash"": [], ""flx"": [], ""hyna"": [], ""io"": [""io:SNDK"", ""io:ANTH"", ""io:NBIS"", ""io:OAI"", ""io:GPRO""], ""km"": [], ""mkts"": [""mkts:US500"", ""mkts:USTECH"", ""mkts:SMALL2000"", ""mkts:USBOND""], ""para"": [""para:ANSEM"", ""para:10Y"", ""para:BTCD"", ""para:UNITREE"", ""para:CIEN"", ""para:CRDO"", ""para:OTHERS"", ""para:VST"", ""para:TOTAL2"", ""para:IGV""], ""vntl"": [], ""xyz"": [""xyz:CL"", ""xyz:SNDK"", ""xyz:BRENTOIL"", ""xyz:SKHX"", ""xyz:XYZ100"", ""xyz:SP500"", ""xyz:MU"", ""xyz:HOOD"", ""xyz:SPCX"", ""xyz:DRAM""]}}"
2026-09-06T02:03:57.606664+00:00,hip3_research_done,readonly,"{""annotated_selected"": 60, ""as_of"": ""2026-09-06T01:45:35.963075+00:00"", ""class_breadth"": {""classes"": 4, ""enabled"": true, ""group_to_class"": {""mkts_index_c0"": ""index"", ""para_equity_c0"": ""equity"", ""xyz_commodity_c0"": ""commodity"", ""xyz_equity_c0"": ""equity"", ""xyz_fx_c0"": ""fx"", ""xyz_index_c0"": ""index""}, ""symbols_by_class"": {""commodity"": 7, ""equity"": 38, ""fx"": 2, ""index"": 5}}, ""classification_status"": ""provisional"", ""cost_bps"": 30.0, ""coverage_failed"": 8, ""coverage_ok"": 52, ""discovered_slices"": 11232, ""effective_cost_bps"": {""assumed_cost_bps"": 30.0, ""base_taker_fee_bps"": 4.5, ""source"": ""measured_l2_roundtrip"", ""value"": 10.33}, ""fail_top"": [[""breadth_ok"", 9922], [""mean_net<=0"", 9212], [""temporal_pass"", 8867], [""regime_confounded"", 7822], [""direction_ok"", 5616]], ""hip3_paper_book"": {""frozen"": false, ""rows"": 28, ""sync"": {""blocked_for_green_breadth"": 21, ""carried_cooldown"": 0, ""carried_decayed"": 0, ""carried_kinds"": [], ""carried_monitored"": 0, ""carried_total"": 0, ""concentrated"": 0, ""cooldown"": 0, ""decayed"": 0, ""families_considered"": 33, ""families_promoted"": 28, ""green_assets_total"": 393, ""monitored"": 28, ""multi_horizon_min_passes"": 2, ""multi_horizon_select"": ""edge_per_bar"", ""net_edge_floor_enter_bps"": {""PERP"": ""40.0""}, ""net_edge_floor_keep_bps"": {""PERP"": ""40.0""}, ""paper_protected"": 0, ""per_asset_aware"": true, ""promotable"": 152, ""promoted_green_fraction_mean"": 0.4662, ""rows_total_after_sync"": 28, ""session_gate_blocked"": 0, ""validated"": 894}}, ""horizons"": [1, 2, 3, 4, 5, 6, 7, 8, 9, 10, 11, 12, 13, 14, 15, 16, 17, 18, 19, 20, 21, 22, 23, 24], ""l2_spread_bps"": {""max"": 21.76, ""median"": 0.67, ""min"": 0.05, ""sampled"": 60, ""unmeasured"": 0}, ""methodology_parity"": {""actual"": {""breadth_min_positive_fraction"": ""0.40"", ""breadth_min_rows_per_symbol"": ""10"", ""breadth_min_symbols"": ""6"", ""candle_count"": 1000, ""horizons"": [1, 2, 3, 4, 5, 6, 7, 8, 9, 10, 11, 12, 13, 14, 15, 16, 17, 18, 19, 20, 21, 22, 23, 24], ""max_pairs"": 60, ""min_net_edge"": ""0.004"", ""promotion_multi_horizon_min_passes"": ""2"", ""promotion_multi_horizon_select"": ""edge_per_bar"", ""relaxed_min_passes"": ""2"", ""require_bonferroni"": ""0"", ""rolling_min_periods"": ""200"", ""state_quantiles"": ""0.333333,0.666666"", ""strict_pass_floor"": ""3""}, ""expected"": {""breadth_min_positive_fraction"": ""0.40"", ""breadth_min_rows_per_symbol"": ""10"", ""breadth_min_symbols"": ""6"", ""candle_count"": 1000, ""horizons"": [1, 2, 3, 4, 5, 6, 7, 8, 9, 10, 11, 12, 13, 14, 15, 16, 17, 18, 19, 20, 21, 22, 23, 24], ""max_pairs"": 60, ""min_net_edge"": ""0.002"", ""promotion_multi_horizon_min_passes"": ""2"", ""promotion_multi_horizon_select"": ""edge_per_bar"", ""relaxed_min_passes"": ""2"", ""require_bonferroni"": ""0"", ""rolling_min_periods"": ""200"", ""state_quantiles"": ""0.333333,0.666666"", ""strict_pass_floor"": ""3""}, ""mismatches"": [""min_net_edge""], ""status"": ""mismatch""}, ""paper_enabled"": false, ""per_asset_edges"": {""blocked"": 80647, ""green"": 16697, ""rows"": 97344, ""untested"": 0}, ""promotion_blocked_reasons"": [""market_classification_not_fully_authoritative"", ""market_calendars_not_enforced"", ""historical_oracle_quality_not_available"", ""no_hip3_paper_evidence""], ""promotion_enabled"": false, ""promotion_gate"": {""blockers"": [{""evidence"": ""59/60 selected coins in an authoritative class (1 provisional); live-stage blocker - paper measurement is group-scoped and cannot cross-contaminate pools"", ""name"": ""market_classification_not_fully_authoritative"", ""resolved"": false, ""stage"": ""live""}, {""evidence"": ""l2 samples 60/30 minimum; measured round-trip cost 10.33 bps (median half-spread + 4.5 bps taker, x2 legs)"", ""name"": ""effective_costs_not_measured"", ""resolved"": true, ""stage"": ""paper""}, {""evidence"": ""distinct collateral token ids in selected: [0]; all confirmed (operator list: [0, 235])"", ""name"": ""collateral_tokens_not_resolved"", ""resolved"": true, ""stage"": ""paper""}, {""evidence"": ""research treats all HIP-3 sessions as 24/7; equity/FX/commodity calendars are not modeled"", ""name"": ""market_calendars_not_enforced"", ""resolved"": false, ""stage"": ""live""}, {""evidence"": ""oracle prints are not e"
2026-09-07T01:45:32.572294+00:00,hip3_discovery_done,readonly,"{""active"": 138, ""as_of"": ""2026-09-07T01:45:30.045195+00:00"", ""dexs"": 10, ""instruments"": 281, ""top_by_dex"": {""abcd"": [], ""cash"": [], ""flx"": [], ""hyna"": [], ""io"": [""io:SNDK"", ""io:ANTH"", ""io:NBIS"", ""io:OAI"", ""io:GPRO""], ""km"": [], ""mkts"": [""mkts:USTECH"", ""mkts:US500"", ""mkts:SMALL2000"", ""mkts:USBOND""], ""para"": [""para:ANSEM"", ""para:10Y"", ""para:UNITREE"", ""para:VST"", ""para:IREN"", ""para:STX"", ""para:BTCD"", ""para:CRDO"", ""para:LRCX"", ""para:TOTAL2""], ""vntl"": [], ""xyz"": [""xyz:CL"", ""xyz:SKHX"", ""xyz:XYZ100"", ""xyz:SP500"", ""xyz:BRENTOIL"", ""xyz:GOLD"", ""xyz:SNDK"", ""xyz:MU"", ""xyz:DRAM"", ""xyz:SKHY""]}}"
2026-09-07T02:05:26.977159+00:00,hip3_research_done,readonly,"{""annotated_selected"": 60, ""as_of"": ""2026-09-07T01:45:33.400972+00:00"", ""class_breadth"": {""classes"": 4, ""enabled"": true, ""group_to_class"": {""mkts_index_c0"": ""index"", ""para_equity_c0"": ""equity"", ""xyz_commodity_c0"": ""commodity"", ""xyz_equity_c0"": ""equity"", ""xyz_fx_c0"": ""fx"", ""xyz_index_c0"": ""index""}, ""symbols_by_class"": {""commodity"": 6, ""equity"": 41, ""fx"": 2, ""index"": 5}}, ""classification_status"": ""provisional"", ""cost_bps"": 30.0, ""coverage_failed"": 6, ""coverage_ok"": 54, ""discovered_slices"": 11232, ""effective_cost_bps"": {""assumed_cost_bps"": 30.0, ""base_taker_fee_bps"": 4.5, ""source"": ""measured_l2_roundtrip"", ""value"": 10.02}, ""fail_top"": [[""breadth_ok"", 10001], [""mean_net<=0"", 9151], [""temporal_pass"", 9075], [""regime_confounded"", 7408], [""direction_ok"", 5616]], ""hip3_paper_book"": {""frozen"": false, ""rows"": 31, ""sync"": {""blocked_for_green_breadth"": 64, ""carried_cooldown"": 0, ""carried_decayed"": 0, ""carried_kinds"": [], ""carried_monitored"": 0, ""carried_total"": 0, ""concentrated"": 0, ""cooldown"": 0, ""decayed"": 0, ""families_considered"": 33, ""families_promoted"": 31, ""green_assets_total"": 566, ""monitored"": 31, ""multi_horizon_min_passes"": 2, ""multi_horizon_select"": ""edge_per_bar"", ""net_edge_floor_enter_bps"": {""PERP"": ""40.0""}, ""net_edge_floor_keep_bps"": {""PERP"": ""40.0""}, ""paper_protected"": 0, ""per_asset_aware"": true, ""promotable"": 209, ""promoted_green_fraction_mean"": 0.4702, ""rows_total_after_sync"": 31, ""session_gate_blocked"": 0, ""validated"": 969}}, ""horizons"": [1, 2, 3, 4, 5, 6, 7, 8, 9, 10, 11, 12, 13, 14, 15, 16, 17, 18, 19, 20, 21, 22, 23, 24], ""l2_spread_bps"": {""max"": 37.33, ""median"": 0.51, ""min"": 0.05, ""sampled"": 60, ""unmeasured"": 0}, ""methodology_parity"": {""actual"": {""breadth_min_positive_fraction"": ""0.40"", ""breadth_min_rows_per_symbol"": ""10"", ""breadth_min_symbols"": ""6"", ""candle_count"": 1000, ""horizons"": [1, 2, 3, 4, 5, 6, 7, 8, 9, 10, 11, 12, 13, 14, 15, 16, 17, 18, 19, 20, 21, 22, 23, 24], ""max_pairs"": 60, ""min_net_edge"": ""0.004"", ""promotion_multi_horizon_min_passes"": ""2"", ""promotion_multi_horizon_select"": ""edge_per_bar"", ""relaxed_min_passes"": ""2"", ""require_bonferroni"": ""0"", ""rolling_min_periods"": ""200"", ""state_quantiles"": ""0.333333,0.666666"", ""strict_pass_floor"": ""3""}, ""expected"": {""breadth_min_positive_fraction"": ""0.40"", ""breadth_min_rows_per_symbol"": ""10"", ""breadth_min_symbols"": ""6"", ""candle_count"": 1000, ""horizons"": [1, 2, 3, 4, 5, 6, 7, 8, 9, 10, 11, 12, 13, 14, 15, 16, 17, 18, 19, 20, 21, 22, 23, 24], ""max_pairs"": 60, ""min_net_edge"": ""0.002"", ""promotion_multi_horizon_min_passes"": ""2"", ""promotion_multi_horizon_select"": ""edge_per_bar"", ""relaxed_min_passes"": ""2"", ""require_bonferroni"": ""0"", ""rolling_min_periods"": ""200"", ""state_quantiles"": ""0.333333,0.666666"", ""strict_pass_floor"": ""3""}, ""mismatches"": [""min_net_edge""], ""status"": ""mismatch""}, ""paper_enabled"": false, ""per_asset_edges"": {""blocked"": 81966, ""green"": 19122, ""rows"": 101088, ""untested"": 0}, ""promotion_blocked_reasons"": [""market_classification_not_fully_authoritative"", ""market_calendars_not_enforced"", ""historical_oracle_quality_not_available"", ""no_hip3_paper_evidence""], ""promotion_enabled"": false, ""promotion_gate"": {""blockers"": [{""evidence"": ""59/60 selected coins in an authoritative class (1 provisional); live-stage blocker - paper measurement is group-scoped and cannot cross-contaminate pools"", ""name"": ""market_classification_not_fully_authoritative"", ""resolved"": false, ""stage"": ""live""}, {""evidence"": ""l2 samples 60/30 minimum; measured round-trip cost 10.02 bps (median half-spread + 4.5 bps taker, x2 legs)"", ""name"": ""effective_costs_not_measured"", ""resolved"": true, ""stage"": ""paper""}, {""evidence"": ""distinct collateral token ids in selected: [0]; all confirmed (operator list: [0, 235])"", ""name"": ""collateral_tokens_not_resolved"", ""resolved"": true, ""stage"": ""paper""}, {""evidence"": ""research treats all HIP-3 sessions as 24/7; equity/FX/commodity calendars are not modeled"", ""name"": ""market_calendars_not_enforced"", ""resolved"": false, ""stage"": ""live""}, {""evidence"": ""oracle prints are not"
2026-09-08T01:45:35.185573+00:00,hip3_discovery_done,readonly,"{""active"": 138, ""as_of"": ""2026-09-08T01:45:33.419151+00:00"", ""dexs"": 10, ""instruments"": 282, ""top_by_dex"": {""abcd"": [], ""cash"": [], ""flx"": [], ""hyna"": [], ""io"": [""io:SNDK"", ""io:ANTH"", ""io:NBIS"", ""io:OAI"", ""io:GPRO""], ""km"": [], ""mkts"": [""mkts:US500"", ""mkts:USTECH"", ""mkts:SMALL2000"", ""mkts:USBOND""], ""para"": [""para:ANSEM"", ""para:LRCX"", ""para:UNITREE"", ""para:VST"", ""para:SMCI"", ""para:BTCD"", ""para:TER"", ""para:CIEN"", ""para:CRDO"", ""para:COHR""], ""vntl"": [], ""xyz"": [""xyz:SKHX"", ""xyz:BRENTOIL"", ""xyz:CL"", ""xyz:XYZ100"", ""xyz:SP500"", ""xyz:MU"", ""xyz:SNDK"", ""xyz:GOLD"", ""xyz:DRAM"", ""xyz:SILVER""]}}"
2026-09-08T02:06:10.701907+00:00,hip3_research_done,readonly,"{""annotated_selected"": 60, ""as_of"": ""2026-09-08T01:45:36.228565+00:00"", ""class_breadth"": {""classes"": 4, ""enabled"": true, ""group_to_class"": {""mkts_index_c0"": ""index"", ""para_equity_c0"": ""equity"", ""xyz_commodity_c0"": ""commodity"", ""xyz_equity_c0"": ""equity"", ""xyz_fx_c0"": ""fx"", ""xyz_index_c0"": ""index""}, ""symbols_by_class"": {""commodity"": 6, ""equity"": 44, ""fx"": 1, ""index"": 5}}, ""classification_status"": ""authoritative"", ""cost_bps"": 30.0, ""coverage_failed"": 4, ""coverage_ok"": 56, ""discovered_slices"": 11232, ""effective_cost_bps"": {""assumed_cost_bps"": 30.0, ""base_taker_fee_bps"": 4.5, ""source"": ""measured_l2_roundtrip"", ""value"": 10.04}, ""fail_top"": [[""breadth_ok"", 9882], [""mean_net<=0"", 9246], [""temporal_pass"", 8760], [""regime_confounded"", 7604], [""direction_ok"", 5616]], ""hip3_paper_book"": {""frozen"": false, ""rows"": 35, ""sync"": {""blocked_for_green_breadth"": 43, ""carried_cooldown"": 0, ""carried_decayed"": 0, ""carried_kinds"": [], ""carried_monitored"": 0, ""carried_total"": 0, ""concentrated"": 0, ""cooldown"": 0, ""decayed"": 0, ""families_considered"": 37, ""families_promoted"": 35, ""green_assets_total"": 677, ""monitored"": 35, ""multi_horizon_min_passes"": 2, ""multi_horizon_select"": ""edge_per_bar"", ""net_edge_floor_enter_bps"": {""PERP"": ""40.0""}, ""net_edge_floor_keep_bps"": {""PERP"": ""40.0""}, ""paper_protected"": 0, ""per_asset_aware"": true, ""promotable"": 248, ""promoted_green_fraction_mean"": 0.4728, ""rows_total_after_sync"": 35, ""session_gate_blocked"": 0, ""validated"": 1027}}, ""horizons"": [1, 2, 3, 4, 5, 6, 7, 8, 9, 10, 11, 12, 13, 14, 15, 16, 17, 18, 19, 20, 21, 22, 23, 24], ""l2_spread_bps"": {""max"": 25.67, ""median"": 0.52, ""min"": 0.05, ""sampled"": 60, ""unmeasured"": 0}, ""methodology_parity"": {""actual"": {""breadth_min_positive_fraction"": ""0.40"", ""breadth_min_rows_per_symbol"": ""10"", ""breadth_min_symbols"": ""6"", ""candle_count"": 1000, ""horizons"": [1, 2, 3, 4, 5, 6, 7, 8, 9, 10, 11, 12, 13, 14, 15, 16, 17, 18, 19, 20, 21, 22, 23, 24], ""max_pairs"": 60, ""min_net_edge"": ""0.004"", ""promotion_multi_horizon_min_passes"": ""2"", ""promotion_multi_horizon_select"": ""edge_per_bar"", ""relaxed_min_passes"": ""2"", ""require_bonferroni"": ""0"", ""rolling_min_periods"": ""200"", ""state_quantiles"": ""0.333333,0.666666"", ""strict_pass_floor"": ""3""}, ""expected"": {""breadth_min_positive_fraction"": ""0.40"", ""breadth_min_rows_per_symbol"": ""10"", ""breadth_min_symbols"": ""6"", ""candle_count"": 1000, ""horizons"": [1, 2, 3, 4, 5, 6, 7, 8, 9, 10, 11, 12, 13, 14, 15, 16, 17, 18, 19, 20, 21, 22, 23, 24], ""max_pairs"": 60, ""min_net_edge"": ""0.002"", ""promotion_multi_horizon_min_passes"": ""2"", ""promotion_multi_horizon_select"": ""edge_per_bar"", ""relaxed_min_passes"": ""2"", ""require_bonferroni"": ""0"", ""rolling_min_periods"": ""200"", ""state_quantiles"": ""0.333333,0.666666"", ""strict_pass_floor"": ""3""}, ""mismatches"": [""min_net_edge""], ""status"": ""mismatch""}, ""paper_enabled"": false, ""per_asset_edges"": {""blocked"": 84441, ""green"": 20343, ""rows"": 104784, ""untested"": 0}, ""promotion_blocked_reasons"": [""market_calendars_not_enforced"", ""historical_oracle_quality_not_available"", ""no_hip3_paper_evidence""], ""promotion_enabled"": false, ""promotion_gate"": {""blockers"": [{""evidence"": ""60/60 selected coins in an authoritative class (0 provisional); live-stage blocker - paper measurement is group-scoped and cannot cross-contaminate pools"", ""name"": ""market_classification_not_fully_authoritative"", ""resolved"": true, ""stage"": ""live""}, {""evidence"": ""l2 samples 60/30 minimum; measured round-trip cost 10.04 bps (median half-spread + 4.5 bps taker, x2 legs)"", ""name"": ""effective_costs_not_measured"", ""resolved"": true, ""stage"": ""paper""}, {""evidence"": ""distinct collateral token ids in selected: [0]; all confirmed (operator list: [0, 235])"", ""name"": ""collateral_tokens_not_resolved"", ""resolved"": true, ""stage"": ""paper""}, {""evidence"": ""research treats all HIP-3 sessions as 24/7; equity/FX/commodity calendars are not modeled"", ""name"": ""market_calendars_not_enforced"", ""resolved"": false, ""stage"": ""live""}, {""evidence"": ""oracle prints are not exposed by the API; cross-DEX divergence proxy "
2026-09-09T01:45:30.426992+00:00,hip3_discovery_done,readonly,"{""active"": 138, ""as_of"": ""2026-09-09T01:45:28.821267+00:00"", ""dexs"": 10, ""instruments"": 282, ""top_by_dex"": {""abcd"": [], ""cash"": [], ""flx"": [], ""hyna"": [], ""io"": [""io:SNDK"", ""io:ANTH"", ""io:NBIS"", ""io:OAI"", ""io:GPRO""], ""km"": [], ""mkts"": [""mkts:US500"", ""mkts:USTECH"", ""mkts:SMALL2000"", ""mkts:USBOND""], ""para"": [""para:ANSEM"", ""para:CRDO"", ""para:VST"", ""para:LRCX"", ""para:UNITREE"", ""para:AAOI"", ""para:COHR"", ""para:AVGO"", ""para:BTCD"", ""para:IREN""], ""vntl"": [], ""xyz"": [""xyz:SKHX"", ""xyz:CL"", ""xyz:SNDK"", ""xyz:BRENTOIL"", ""xyz:XYZ100"", ""xyz:SP500"", ""xyz:MU"", ""xyz:DRAM"", ""xyz:SPCX"", ""xyz:SKHY""]}}"
2026-09-09T02:06:12.154972+00:00,hip3_research_done,readonly,"{""annotated_selected"": 60, ""as_of"": ""2026-09-09T01:45:31.307167+00:00"", ""class_breadth"": {""classes"": 4, ""enabled"": true, ""group_to_class"": {""mkts_index_c0"": ""index"", ""para_equity_c0"": ""equity"", ""xyz_commodity_c0"": ""commodity"", ""xyz_equity_c0"": ""equity"", ""xyz_fx_c0"": ""fx"", ""xyz_index_c0"": ""index""}, ""symbols_by_class"": {""commodity"": 6, ""equity"": 44, ""fx"": 2, ""index"": 4}}, ""classification_status"": ""authoritative"", ""cost_bps"": 30.0, ""coverage_failed"": 4, ""coverage_ok"": 56, ""discovered_slices"": 11184, ""effective_cost_bps"": {""assumed_cost_bps"": 30.0, ""base_taker_fee_bps"": 4.5, ""source"": ""measured_l2_roundtrip"", ""value"": 9.97}, ""fail_top"": [[""breadth_ok"", 9992], [""mean_net<=0"", 9707], [""temporal_pass"", 9292], [""regime_confounded"", 7916], [""direction_ok"", 5592]], ""hip3_paper_book"": {""frozen"": false, ""rows"": 20, ""sync"": {""blocked_for_green_breadth"": 0, ""carried_cooldown"": 0, ""carried_decayed"": 0, ""carried_kinds"": [], ""carried_monitored"": 0, ""carried_total"": 0, ""concentrated"": 0, ""cooldown"": 0, ""decayed"": 0, ""families_considered"": 24, ""families_promoted"": 20, ""green_assets_total"": 401, ""monitored"": 20, ""multi_horizon_min_passes"": 2, ""multi_horizon_select"": ""edge_per_bar"", ""net_edge_floor_enter_bps"": {""PERP"": ""40.0""}, ""net_edge_floor_keep_bps"": {""PERP"": ""40.0""}, ""paper_protected"": 0, ""per_asset_aware"": true, ""promotable"": 148, ""promoted_green_fraction_mean"": 0.4774, ""rows_total_after_sync"": 20, ""session_gate_blocked"": 0, ""validated"": 609}}, ""horizons"": [1, 2, 3, 4, 5, 6, 7, 8, 9, 10, 11, 12, 13, 14, 15, 16, 17, 18, 19, 20, 21, 22, 23, 24], ""l2_spread_bps"": {""max"": 13.39, ""median"": 0.48, ""min"": 0.05, ""sampled"": 60, ""unmeasured"": 0}, ""methodology_parity"": {""actual"": {""breadth_min_positive_fraction"": ""0.40"", ""breadth_min_rows_per_symbol"": ""10"", ""breadth_min_symbols"": ""6"", ""candle_count"": 1000, ""horizons"": [1, 2, 3, 4, 5, 6, 7, 8, 9, 10, 11, 12, 13, 14, 15, 16, 17, 18, 19, 20, 21, 22, 23, 24], ""max_pairs"": 60, ""min_net_edge"": ""0.004"", ""promotion_multi_horizon_min_passes"": ""2"", ""promotion_multi_horizon_select"": ""edge_per_bar"", ""relaxed_min_passes"": ""2"", ""require_bonferroni"": ""0"", ""rolling_min_periods"": ""200"", ""state_quantiles"": ""0.333333,0.666666"", ""strict_pass_floor"": ""3""}, ""expected"": {""breadth_min_positive_fraction"": ""0.40"", ""breadth_min_rows_per_symbol"": ""10"", ""breadth_min_symbols"": ""6"", ""candle_count"": 1000, ""horizons"": [1, 2, 3, 4, 5, 6, 7, 8, 9, 10, 11, 12, 13, 14, 15, 16, 17, 18, 19, 20, 21, 22, 23, 24], ""max_pairs"": 60, ""min_net_edge"": ""0.002"", ""promotion_multi_horizon_min_passes"": ""2"", ""promotion_multi_horizon_select"": ""edge_per_bar"", ""relaxed_min_passes"": ""2"", ""require_bonferroni"": ""0"", ""rolling_min_periods"": ""200"", ""state_quantiles"": ""0.333333,0.666666"", ""strict_pass_floor"": ""3""}, ""mismatches"": [""min_net_edge""], ""status"": ""mismatch""}, ""paper_enabled"": false, ""per_asset_edges"": {""blocked"": 85609, ""green"": 19127, ""rows"": 104736, ""untested"": 0}, ""promotion_blocked_reasons"": [""market_calendars_not_enforced"", ""historical_oracle_quality_not_available"", ""no_hip3_paper_evidence""], ""promotion_enabled"": false, ""promotion_gate"": {""blockers"": [{""evidence"": ""60/60 selected coins in an authoritative class (0 provisional); live-stage blocker - paper measurement is group-scoped and cannot cross-contaminate pools"", ""name"": ""market_classification_not_fully_authoritative"", ""resolved"": true, ""stage"": ""live""}, {""evidence"": ""l2 samples 60/30 minimum; measured round-trip cost 9.97 bps (median half-spread + 4.5 bps taker, x2 legs)"", ""name"": ""effective_costs_not_measured"", ""resolved"": true, ""stage"": ""paper""}, {""evidence"": ""distinct collateral token ids in selected: [0]; all confirmed (operator list: [0, 235])"", ""name"": ""collateral_tokens_not_resolved"", ""resolved"": true, ""stage"": ""paper""}, {""evidence"": ""research treats all HIP-3 sessions as 24/7; equity/FX/commodity calendars are not modeled"", ""name"": ""market_calendars_not_enforced"", ""resolved"": false, ""stage"": ""live""}, {""evidence"": ""oracle prints are not exposed by the API; cross-DEX divergence proxy not "
2026-09-10T01:45:28.495150+00:00,hip3_discovery_done,readonly,"{""active"": 138, ""as_of"": ""2026-09-10T01:45:26.128244+00:00"", ""dexs"": 10, ""instruments"": 283, ""top_by_dex"": {""abcd"": [], ""cash"": [], ""flx"": [], ""hyna"": [], ""io"": [""io:SNDK"", ""io:ANTH"", ""io:NBIS"", ""io:OAI"", ""io:GPRO""], ""km"": [], ""mkts"": [""mkts:US500"", ""mkts:USTECH"", ""mkts:SMALL2000"", ""mkts:USBOND""], ""para"": [""para:ANSEM"", ""para:CRDO"", ""para:UNITREE"", ""para:TOTAL2"", ""para:VST"", ""para:AVGO"", ""para:10Y"", ""para:OTHERS"", ""para:COHR"", ""para:GLW""], ""vntl"": [], ""xyz"": [""xyz:SKHX"", ""xyz:CL"", ""xyz:XYZ100"", ""xyz:SP500"", ""xyz:BRENTOIL"", ""xyz:SPCX"", ""xyz:SKHY"", ""xyz:SNDK"", ""xyz:MU"", ""xyz:DRAM""]}}"
2026-09-10T02:03:33.691700+00:00,hip3_research_done,readonly,"{""annotated_selected"": 60, ""as_of"": ""2026-09-10T01:45:29.663427+00:00"", ""class_breadth"": {""classes"": 4, ""enabled"": true, ""group_to_class"": {""mkts_index_c0"": ""index"", ""para_equity_c0"": ""equity"", ""xyz_commodity_c0"": ""commodity"", ""xyz_equity_c0"": ""equity"", ""xyz_fx_c0"": ""fx"", ""xyz_index_c0"": ""index""}, ""symbols_by_class"": {""commodity"": 6, ""equity"": 42, ""fx"": 2, ""index"": 5}}, ""classification_status"": ""authoritative"", ""cost_bps"": 30.0, ""coverage_failed"": 5, ""coverage_ok"": 55, ""discovered_slices"": 11232, ""effective_cost_bps"": {""assumed_cost_bps"": 30.0, ""base_taker_fee_bps"": 4.5, ""source"": ""measured_l2_roundtrip"", ""value"": 10.14}, ""fail_top"": [[""breadth_ok"", 10139], [""temporal_pass"", 9366], [""mean_net<=0"", 9363], [""regime_confounded"", 7732], [""direction_ok"", 5616]], ""hip3_paper_book"": {""frozen"": false, ""rows"": 17, ""sync"": {""blocked_for_green_breadth"": 1, ""carried_cooldown"": 0, ""carried_decayed"": 0, ""carried_kinds"": [], ""carried_monitored"": 0, ""carried_total"": 0, ""concentrated"": 0, ""cooldown"": 0, ""decayed"": 0, ""families_considered"": 21, ""families_promoted"": 17, ""green_assets_total"": 298, ""monitored"": 17, ""multi_horizon_min_passes"": 2, ""multi_horizon_select"": ""edge_per_bar"", ""net_edge_floor_enter_bps"": {""PERP"": ""40.0""}, ""net_edge_floor_keep_bps"": {""PERP"": ""40.0""}, ""paper_protected"": 0, ""per_asset_aware"": true, ""promotable"": 113, ""promoted_green_fraction_mean"": 0.4382, ""rows_total_after_sync"": 17, ""session_gate_blocked"": 0, ""validated"": 464}}, ""horizons"": [1, 2, 3, 4, 5, 6, 7, 8, 9, 10, 11, 12, 13, 14, 15, 16, 17, 18, 19, 20, 21, 22, 23, 24], ""l2_spread_bps"": {""max"": 6.72, ""median"": 0.57, ""min"": 0.07, ""sampled"": 60, ""unmeasured"": 0}, ""methodology_parity"": {""actual"": {""breadth_min_positive_fraction"": ""0.40"", ""breadth_min_rows_per_symbol"": ""10"", ""breadth_min_symbols"": ""6"", ""candle_count"": 1000, ""horizons"": [1, 2, 3, 4, 5, 6, 7, 8, 9, 10, 11, 12, 13, 14, 15, 16, 17, 18, 19, 20, 21, 22, 23, 24], ""max_pairs"": 60, ""min_net_edge"": ""0.004"", ""promotion_multi_horizon_min_passes"": ""2"", ""promotion_multi_horizon_select"": ""edge_per_bar"", ""relaxed_min_passes"": ""2"", ""require_bonferroni"": ""0"", ""rolling_min_periods"": ""200"", ""state_quantiles"": ""0.333333,0.666666"", ""strict_pass_floor"": ""3""}, ""expected"": {""breadth_min_positive_fraction"": ""0.40"", ""breadth_min_rows_per_symbol"": ""10"", ""breadth_min_symbols"": ""6"", ""candle_count"": 1000, ""horizons"": [1, 2, 3, 4, 5, 6, 7, 8, 9, 10, 11, 12, 13, 14, 15, 16, 17, 18, 19, 20, 21, 22, 23, 24], ""max_pairs"": 60, ""min_net_edge"": ""0.002"", ""promotion_multi_horizon_min_passes"": ""2"", ""promotion_multi_horizon_select"": ""edge_per_bar"", ""relaxed_min_passes"": ""2"", ""require_bonferroni"": ""0"", ""rolling_min_periods"": ""200"", ""state_quantiles"": ""0.333333,0.666666"", ""strict_pass_floor"": ""3""}, ""mismatches"": [""min_net_edge""], ""status"": ""mismatch""}, ""paper_enabled"": false, ""per_asset_edges"": {""blocked"": 83049, ""green"": 19863, ""rows"": 102960, ""untested"": 48}, ""promotion_blocked_reasons"": [""market_calendars_not_enforced"", ""historical_oracle_quality_not_available"", ""no_hip3_paper_evidence""], ""promotion_enabled"": false, ""promotion_gate"": {""blockers"": [{""evidence"": ""60/60 selected coins in an authoritative class (0 provisional); live-stage blocker - paper measurement is group-scoped and cannot cross-contaminate pools"", ""name"": ""market_classification_not_fully_authoritative"", ""resolved"": true, ""stage"": ""live""}, {""evidence"": ""l2 samples 60/30 minimum; measured round-trip cost 10.14 bps (median half-spread + 4.5 bps taker, x2 legs)"", ""name"": ""effective_costs_not_measured"", ""resolved"": true, ""stage"": ""paper""}, {""evidence"": ""distinct collateral token ids in selected: [0]; all confirmed (operator list: [0, 235])"", ""name"": ""collateral_tokens_not_resolved"", ""resolved"": true, ""stage"": ""paper""}, {""evidence"": ""research treats all HIP-3 sessions as 24/7; equity/FX/commodity calendars are not modeled"", ""name"": ""market_calendars_not_enforced"", ""resolved"": false, ""stage"": ""live""}, {""evidence"": ""oracle prints are not exposed by the API; cross-DEX divergence proxy n"
2026-09-14T14:36:03.604088+00:00,hip3_discovery_done,readonly,"{""active"": 140, ""as_of"": ""2026-09-14T14:36:00.068301+00:00"", ""dexs"": 10, ""instruments"": 285, ""top_by_dex"": {""abcd"": [], ""cash"": [], ""flx"": [], ""hyna"": [], ""io"": [""io:SNDK"", ""io:ANTH"", ""io:OAI"", ""io:NBIS"", ""io:GPRO"", ""io:IONQ""], ""km"": [], ""mkts"": [""mkts:US500"", ""mkts:USTECH"", ""mkts:SMALL2000"", ""mkts:USBOND""], ""para"": [""para:UNITREE"", ""para:10Y"", ""para:CRDO"", ""para:ANSEM"", ""para:CRWD"", ""para:LRCX"", ""para:VST"", ""para:CIEN"", ""para:COHR"", ""para:SMCI""], ""vntl"": [], ""xyz"": [""xyz:SKHX"", ""xyz:XYZ100"", ""xyz:CL"", ""xyz:SP500"", ""xyz:SNDK"", ""xyz:MU"", ""xyz:BRENTOIL"", ""xyz:SILVER"", ""xyz:SKHY"", ""xyz:DRAM""]}}"
2026-09-14T14:57:35.681512+00:00,hip3_research_done,readonly,"{""annotated_selected"": 60, ""as_of"": ""2026-09-14T14:36:04.708920+00:00"", ""class_breadth"": {""classes"": 5, ""enabled"": true, ""group_to_class"": {""mkts_index_c0"": ""index"", ""para_equity_c0"": ""equity"", ""para_provisional_equity_c0"": ""provisional_equity"", ""xyz_commodity_c0"": ""commodity"", ""xyz_equity_c0"": ""equity"", ""xyz_fx_c0"": ""fx"", ""xyz_index_c0"": ""index""}, ""symbols_by_class"": {""commodity"": 6, ""equity"": 43, ""fx"": 2, ""index"": 4, ""provisional_equity"": 1}}, ""classification_status"": ""provisional"", ""cost_bps"": 30.0, ""coverage_failed"": 4, ""coverage_ok"": 56, ""discovered_slices"": 13056, ""effective_cost_bps"": {""assumed_cost_bps"": 30.0, ""base_taker_fee_bps"": 4.5, ""source"": ""measured_l2_roundtrip"", ""value"": 9.94}, ""fail_top"": [[""breadth_ok"", 12046], [""mean_net<=0"", 11047], [""temporal_pass"", 10332], [""regime_confounded"", 8798], [""direction_ok"", 6528]], ""hip3_paper_book"": {""frozen"": false, ""rows"": 7, ""sync"": {""blocked_for_green_breadth"": 32, ""carried_cooldown"": 0, ""carried_decayed"": 0, ""carried_kinds"": [], ""carried_monitored"": 0, ""carried_total"": 0, ""concentrated"": 0, ""cooldown"": 0, ""decayed"": 0, ""families_considered"": 8, ""families_promoted"": 7, ""green_assets_total"": 112, ""monitored"": 7, ""multi_horizon_min_passes"": 2, ""multi_horizon_select"": ""edge_per_bar"", ""net_edge_floor_enter_bps"": {""PERP"": ""40.0""}, ""net_edge_floor_keep_bps"": {""PERP"": ""40.0""}, ""paper_protected"": 0, ""per_asset_aware"": true, ""promotable"": 72, ""promoted_green_fraction_mean"": 0.5238, ""rows_total_after_sync"": 7, ""session_gate_blocked"": 0, ""validated"": 349}}, ""horizons"": [1, 2, 3, 4, 5, 6, 7, 8, 9, 10, 11, 12, 13, 14, 15, 16, 17, 18, 19, 20, 21, 22, 23, 24], ""l2_spread_bps"": {""max"": 8.81, ""median"": 0.47, ""min"": 0.05, ""sampled"": 60, ""unmeasured"": 0}, ""methodology_parity"": {""actual"": {""breadth_min_positive_fraction"": ""0.40"", ""breadth_min_rows_per_symbol"": ""10"", ""breadth_min_symbols"": ""6"", ""candle_count"": 1000, ""horizons"": [1, 2, 3, 4, 5, 6, 7, 8, 9, 10, 11, 12, 13, 14, 15, 16, 17, 18, 19, 20, 21, 22, 23, 24], ""max_pairs"": 60, ""min_net_edge"": ""0.004"", ""promotion_multi_horizon_min_passes"": ""2"", ""promotion_multi_horizon_select"": ""edge_per_bar"", ""relaxed_min_passes"": ""2"", ""require_bonferroni"": ""0"", ""rolling_min_periods"": ""200"", ""state_quantiles"": ""0.333333,0.666666"", ""strict_pass_floor"": ""3""}, ""expected"": {""breadth_min_positive_fraction"": ""0.40"", ""breadth_min_rows_per_symbol"": ""10"", ""breadth_min_symbols"": ""6"", ""candle_count"": 1000, ""horizons"": [1, 2, 3, 4, 5, 6, 7, 8, 9, 10, 11, 12, 13, 14, 15, 16, 17, 18, 19, 20, 21, 22, 23, 24], ""max_pairs"": 60, ""min_net_edge"": ""0.002"", ""promotion_multi_horizon_min_passes"": ""2"", ""promotion_multi_horizon_select"": ""edge_per_bar"", ""relaxed_min_passes"": ""2"", ""require_bonferroni"": ""0"", ""rolling_min_periods"": ""200"", ""state_quantiles"": ""0.333333,0.666666"", ""strict_pass_floor"": ""3""}, ""mismatches"": [""min_net_edge""], ""status"": ""mismatch""}, ""paper_enabled"": false, ""per_asset_edges"": {""blocked"": 84605, ""green"": 20179, ""rows"": 104784, ""untested"": 0}, ""promotion_blocked_reasons"": [""market_classification_not_fully_authoritative"", ""market_calendars_not_enforced"", ""historical_oracle_quality_not_available"", ""no_hip3_paper_evidence""], ""promotion_enabled"": false, ""promotion_gate"": {""blockers"": [{""evidence"": ""59/60 selected coins in an authoritative class (1 provisional); live-stage blocker - paper measurement is group-scoped and cannot cross-contaminate pools"", ""name"": ""market_classification_not_fully_authoritative"", ""resolved"": false, ""stage"": ""live""}, {""evidence"": ""l2 samples 60/30 minimum; measured round-trip cost 9.94 bps (median half-spread + 4.5 bps taker, x2 legs)"", ""name"": ""effective_costs_not_measured"", ""resolved"": true, ""stage"": ""paper""}, {""evidence"": ""distinct collateral token ids in selected: [0]; all confirmed (operator list: [0, 235])"", ""name"": ""collateral_tokens_not_resolved"", ""resolved"": true, ""stage"": ""paper""}, {""evidence"": ""research treats all HIP-3 sessions as 24/7; equity/FX/commodity calendars are not modeled"", ""name"": ""market_calendars_not_enforced"", ""r"
2026-09-14T16:18:20.851293+00:00,hip3_discovery_done,readonly,"{""active"": 140, ""as_of"": ""2026-09-14T16:18:18.560651+00:00"", ""dexs"": 10, ""instruments"": 285, ""top_by_dex"": {""abcd"": [], ""cash"": [], ""flx"": [], ""hyna"": [], ""io"": [""io:SNDK"", ""io:ANTH"", ""io:OAI"", ""io:NBIS"", ""io:GPRO"", ""io:IONQ""], ""km"": [], ""mkts"": [""mkts:US500"", ""mkts:USTECH"", ""mkts:SMALL2000"", ""mkts:USBOND""], ""para"": [""para:UNITREE"", ""para:CRDO"", ""para:CRWD"", ""para:ANSEM"", ""para:10Y"", ""para:VST"", ""para:LRCX"", ""para:COHR"", ""para:CIEN"", ""para:SMCI""], ""vntl"": [], ""xyz"": [""xyz:XYZ100"", ""xyz:SKHX"", ""xyz:CL"", ""xyz:SP500"", ""xyz:BRENTOIL"", ""xyz:SNDK"", ""xyz:MU"", ""xyz:CRCL"", ""xyz:SILVER"", ""xyz:SKHY""]}}"
2026-09-14T17:55:20.051716+00:00,hip3_research_done,readonly,"{""annotated_selected"": 60, ""as_of"": ""2026-09-14T16:18:21.896130+00:00"", ""class_breadth"": {""classes"": 4, ""enabled"": true, ""group_to_class"": {""mkts_index_c0"": ""index"", ""para_equity_c0"": ""equity"", ""xyz_commodity_c0"": ""commodity"", ""xyz_equity_c0"": ""equity"", ""xyz_fx_c0"": ""fx"", ""xyz_index_c0"": ""index""}, ""symbols_by_class"": {""commodity"": 6, ""equity"": 44, ""fx"": 2, ""index"": 4}}, ""classification_status"": ""authoritative"", ""cost_bps"": 30.0, ""coverage_failed"": 4, ""coverage_ok"": 56, ""discovered_slices"": 13824, ""effective_cost_bps"": {""assumed_cost_bps"": 30.0, ""base_taker_fee_bps"": 4.5, ""source"": ""measured_l2_roundtrip"", ""value"": 10.23}, ""fail_top"": [[""mean_net<=0"", 13795], [""breadth_ok"", 13372], [""temporal_pass"", 13021], [""direction_ok"", 6912]], ""hip3_paper_book"": {""frozen"": false, ""rows"": 1, ""sync"": {""blocked_for_green_breadth"": 0, ""carried_cooldown"": 0, ""carried_decayed"": 0, ""carried_kinds"": [""PERP""], ""carried_monitored"": 1, ""carried_total"": 1, ""concentrated"": 0, ""cooldown"": 0, ""decayed"": 0, ""families_considered"": 0, ""families_promoted"": 0, ""green_assets_total"": 0, ""monitored"": 0, ""multi_horizon_min_passes"": 2, ""multi_horizon_select"": ""edge_per_bar"", ""net_edge_floor_enter_bps"": {""PERP"": ""40.0""}, ""net_edge_floor_keep_bps"": {""PERP"": ""40.0""}, ""paper_protected"": 0, ""per_asset_aware"": true, ""promotable"": 0, ""promoted_green_fraction_mean"": null, ""rows_total_after_sync"": 1, ""session_gate_blocked"": 0, ""validated"": 0}}, ""horizons"": [1, 2, 3, 4, 5, 6, 7, 8, 9, 10, 11, 12, 13, 14, 15, 16, 17, 18, 19, 20, 21, 22, 23, 24], ""l2_spread_bps"": {""max"": 8.86, ""median"": 0.61, ""min"": 0.05, ""sampled"": 60, ""unmeasured"": 0}, ""methodology_parity"": {""actual"": {""breadth_min_positive_fraction"": ""0.40"", ""breadth_min_rows_per_symbol"": ""10"", ""breadth_min_symbols"": ""6"", ""candle_count"": 1000, ""horizons"": [1, 2, 3, 4, 5, 6, 7, 8, 9, 10, 11, 12, 13, 14, 15, 16, 17, 18, 19, 20, 21, 22, 23, 24], ""max_pairs"": 60, ""min_net_edge"": ""0.004"", ""promotion_multi_horizon_min_passes"": ""2"", ""promotion_multi_horizon_select"": ""edge_per_bar"", ""relaxed_min_passes"": ""2"", ""require_bonferroni"": ""0"", ""rolling_min_periods"": ""200"", ""state_quantiles"": ""0.333333,0.666666"", ""strict_pass_floor"": ""3""}, ""expected"": {""breadth_min_positive_fraction"": ""0.40"", ""breadth_min_rows_per_symbol"": ""10"", ""breadth_min_symbols"": ""6"", ""candle_count"": 1000, ""horizons"": [1, 2, 3, 4, 5, 6, 7, 8, 9, 10, 11, 12, 13, 14, 15, 16, 17, 18, 19, 20, 21, 22, 23, 24], ""max_pairs"": 60, ""min_net_edge"": ""0.002"", ""promotion_multi_horizon_min_passes"": ""2"", ""promotion_multi_horizon_select"": ""edge_per_bar"", ""relaxed_min_passes"": ""2"", ""require_bonferroni"": ""0"", ""rolling_min_periods"": ""200"", ""state_quantiles"": ""0.333333,0.666666"", ""strict_pass_floor"": ""3""}, ""mismatches"": [""min_net_edge""], ""status"": ""mismatch""}, ""paper_enabled"": false, ""per_asset_edges"": {""blocked"": 101635, ""green"": 27389, ""rows"": 129024, ""untested"": 0}, ""promotion_blocked_reasons"": [""market_calendars_not_enforced"", ""historical_oracle_quality_not_available"", ""no_hip3_paper_evidence""], ""promotion_enabled"": false, ""promotion_gate"": {""blockers"": [{""evidence"": ""60/60 selected coins in an authoritative class (0 provisional); live-stage blocker - paper measurement is group-scoped and cannot cross-contaminate pools"", ""name"": ""market_classification_not_fully_authoritative"", ""resolved"": true, ""stage"": ""live""}, {""evidence"": ""l2 samples 60/30 minimum; measured round-trip cost 10.23 bps (median half-spread + 4.5 bps taker, x2 legs)"", ""name"": ""effective_costs_not_measured"", ""resolved"": true, ""stage"": ""paper""}, {""evidence"": ""distinct collateral token ids in selected: [0]; all confirmed (operator list: [0, 235])"", ""name"": ""collateral_tokens_not_resolved"", ""resolved"": true, ""stage"": ""paper""}, {""evidence"": ""research treats all HIP-3 sessions as 24/7; equity/FX/commodity calendars are not modeled"", ""name"": ""market_calendars_not_enforced"", ""resolved"": false, ""stage"": ""live""}, {""evidence"": ""oracle prints are not exposed by the API; cross-DEX divergence proxy not implemented"", ""name"": ""historic"
2026-09-15T01:45:31.852832+00:00,hip3_discovery_done,readonly,"{""active"": 140, ""as_of"": ""2026-09-15T01:45:29.427322+00:00"", ""dexs"": 10, ""instruments"": 285, ""top_by_dex"": {""abcd"": [], ""cash"": [], ""flx"": [], ""hyna"": [], ""io"": [""io:SNDK"", ""io:ANTH"", ""io:NBIS"", ""io:OAI"", ""io:GPRO"", ""io:IONQ""], ""km"": [], ""mkts"": [""mkts:US500"", ""mkts:USTECH"", ""mkts:SMALL2000"", ""mkts:USBOND""], ""para"": [""para:UNITREE"", ""para:CRDO"", ""para:CRWD"", ""para:10Y"", ""para:VST"", ""para:ANSEM"", ""para:COHR"", ""para:STX"", ""para:LRCX"", ""para:NET""], ""vntl"": [], ""xyz"": [""xyz:CL"", ""xyz:XYZ100"", ""xyz:SKHX"", ""xyz:SP500"", ""xyz:SNDK"", ""xyz:BRENTOIL"", ""xyz:MU"", ""xyz:CRCL"", ""xyz:SILVER"", ""xyz:SPCX""]}}"
2026-09-15T03:21:59.200180+00:00,hip3_research_done,readonly,"{""annotated_selected"": 60, ""as_of"": ""2026-09-15T01:45:32.576354+00:00"", ""class_breadth"": {""classes"": 4, ""enabled"": true, ""group_to_class"": {""mkts_index_c0"": ""index"", ""para_equity_c0"": ""equity"", ""xyz_commodity_c0"": ""commodity"", ""xyz_equity_c0"": ""equity"", ""xyz_fx_c0"": ""fx"", ""xyz_index_c0"": ""index""}, ""symbols_by_class"": {""commodity"": 5, ""equity"": 45, ""fx"": 2, ""index"": 4}}, ""classification_status"": ""authoritative"", ""cost_bps"": 30.0, ""coverage_failed"": 4, ""coverage_ok"": 56, ""discovered_slices"": 13824, ""effective_cost_bps"": {""assumed_cost_bps"": 30.0, ""base_taker_fee_bps"": 4.5, ""source"": ""measured_l2_roundtrip"", ""value"": 10.16}, ""fail_top"": [[""mean_net<=0"", 13737], [""breadth_ok"", 13291], [""temporal_pass"", 13049], [""direction_ok"", 6912]], ""hip3_paper_book"": {""frozen"": false, ""rows"": 1, ""sync"": {""blocked_for_green_breadth"": 7, ""carried_cooldown"": 0, ""carried_decayed"": 0, ""carried_kinds"": [""PERP""], ""carried_monitored"": 1, ""carried_total"": 1, ""concentrated"": 0, ""cooldown"": 0, ""decayed"": 0, ""families_considered"": 0, ""families_promoted"": 0, ""green_assets_total"": 0, ""monitored"": 0, ""multi_horizon_min_passes"": 2, ""multi_horizon_select"": ""edge_per_bar"", ""net_edge_floor_enter_bps"": {""PERP"": ""40.0""}, ""net_edge_floor_keep_bps"": {""PERP"": ""40.0""}, ""paper_protected"": 0, ""per_asset_aware"": true, ""promotable"": 0, ""promoted_green_fraction_mean"": null, ""rows_total_after_sync"": 1, ""session_gate_blocked"": 0, ""validated"": 11}}, ""horizons"": [1, 2, 3, 4, 5, 6, 7, 8, 9, 10, 11, 12, 13, 14, 15, 16, 17, 18, 19, 20, 21, 22, 23, 24], ""l2_spread_bps"": {""max"": 4.8, ""median"": 0.58, ""min"": 0.05, ""sampled"": 60, ""unmeasured"": 0}, ""methodology_parity"": {""actual"": {""breadth_min_positive_fraction"": ""0.40"", ""breadth_min_rows_per_symbol"": ""10"", ""breadth_min_symbols"": ""6"", ""candle_count"": 1000, ""horizons"": [1, 2, 3, 4, 5, 6, 7, 8, 9, 10, 11, 12, 13, 14, 15, 16, 17, 18, 19, 20, 21, 22, 23, 24], ""max_pairs"": 60, ""min_net_edge"": ""0.004"", ""promotion_multi_horizon_min_passes"": ""2"", ""promotion_multi_horizon_select"": ""edge_per_bar"", ""relaxed_min_passes"": ""2"", ""require_bonferroni"": ""0"", ""rolling_min_periods"": ""200"", ""state_quantiles"": ""0.333333,0.666666"", ""strict_pass_floor"": ""3""}, ""expected"": {""breadth_min_positive_fraction"": ""0.40"", ""breadth_min_rows_per_symbol"": ""10"", ""breadth_min_symbols"": ""6"", ""candle_count"": 1000, ""horizons"": [1, 2, 3, 4, 5, 6, 7, 8, 9, 10, 11, 12, 13, 14, 15, 16, 17, 18, 19, 20, 21, 22, 23, 24], ""max_pairs"": 60, ""min_net_edge"": ""0.002"", ""promotion_multi_horizon_min_passes"": ""2"", ""promotion_multi_horizon_select"": ""edge_per_bar"", ""relaxed_min_passes"": ""2"", ""require_bonferroni"": ""0"", ""rolling_min_periods"": ""200"", ""state_quantiles"": ""0.333333,0.666666"", ""strict_pass_floor"": ""3""}, ""mismatches"": [""min_net_edge""], ""status"": ""mismatch""}, ""paper_enabled"": false, ""per_asset_edges"": {""blocked"": 101854, ""green"": 27170, ""rows"": 129024, ""untested"": 0}, ""promotion_blocked_reasons"": [""market_calendars_not_enforced"", ""historical_oracle_quality_not_available"", ""no_hip3_paper_evidence""], ""promotion_enabled"": false, ""promotion_gate"": {""blockers"": [{""evidence"": ""60/60 selected coins in an authoritative class (0 provisional); live-stage blocker - paper measurement is group-scoped and cannot cross-contaminate pools"", ""name"": ""market_classification_not_fully_authoritative"", ""resolved"": true, ""stage"": ""live""}, {""evidence"": ""l2 samples 60/30 minimum; measured round-trip cost 10.16 bps (median half-spread + 4.5 bps taker, x2 legs)"", ""name"": ""effective_costs_not_measured"", ""resolved"": true, ""stage"": ""paper""}, {""evidence"": ""distinct collateral token ids in selected: [0]; all confirmed (operator list: [0, 235])"", ""name"": ""collateral_tokens_not_resolved"", ""resolved"": true, ""stage"": ""paper""}, {""evidence"": ""research treats all HIP-3 sessions as 24/7; equity/FX/commodity calendars are not modeled"", ""name"": ""market_calendars_not_enforced"", ""resolved"": false, ""stage"": ""live""}, {""evidence"": ""oracle prints are not exposed by the API; cross-DEX divergence proxy not implemented"", ""name"": ""historic"
2026-09-15T06:24:47.669151+00:00,hip3_discovery_done,readonly,"{""active"": 140, ""as_of"": ""2026-09-15T06:24:46.052287+00:00"", ""dexs"": 10, ""instruments"": 285, ""top_by_dex"": {""abcd"": [], ""cash"": [], ""flx"": [], ""hyna"": [], ""io"": [""io:SNDK"", ""io:ANTH"", ""io:NBIS"", ""io:OAI"", ""io:GPRO"", ""io:IONQ""], ""km"": [], ""mkts"": [""mkts:US500"", ""mkts:USTECH"", ""mkts:SMALL2000"", ""mkts:USBOND""], ""para"": [""para:CRDO"", ""para:UNITREE"", ""para:CRWD"", ""para:10Y"", ""para:VST"", ""para:ANSEM"", ""para:COHR"", ""para:SMCI"", ""para:NET"", ""para:STX""], ""vntl"": [], ""xyz"": [""xyz:CL"", ""xyz:XYZ100"", ""xyz:SKHX"", ""xyz:SP500"", ""xyz:BRENTOIL"", ""xyz:SNDK"", ""xyz:MU"", ""xyz:CRCL"", ""xyz:SPCX"", ""xyz:SILVER""]}}"
2026-09-15T06:49:35.629846+00:00,hip3_research_done,readonly,"{""annotated_selected"": 60, ""as_of"": ""2026-09-15T06:24:48.693436+00:00"", ""class_breadth"": {""classes"": 4, ""enabled"": true, ""group_to_class"": {""mkts_index_c0"": ""index"", ""para_equity_c0"": ""equity"", ""xyz_commodity_c0"": ""commodity"", ""xyz_equity_c0"": ""equity"", ""xyz_fx_c0"": ""fx"", ""xyz_index_c0"": ""index""}, ""symbols_by_class"": {""commodity"": 5, ""equity"": 45, ""fx"": 2, ""index"": 4}}, ""classification_status"": ""authoritative"", ""cost_bps"": 30.0, ""coverage_failed"": 4, ""coverage_ok"": 56, ""discovered_slices"": 13824, ""effective_cost_bps"": {""assumed_cost_bps"": 30.0, ""base_taker_fee_bps"": 4.5, ""source"": ""measured_l2_roundtrip"", ""value"": 10.12}, ""fail_top"": [[""breadth_ok"", 12506], [""mean_net<=0"", 11662], [""temporal_pass"", 11564], [""direction_ok"", 6912]], ""hip3_paper_book"": {""frozen"": false, ""rows"": 27, ""sync"": {""blocked_for_green_breadth"": 31, ""carried_cooldown"": 0, ""carried_decayed"": 0, ""carried_kinds"": [], ""carried_monitored"": 0, ""carried_total"": 0, ""concentrated"": 0, ""cooldown"": 0, ""decayed"": 0, ""families_considered"": 29, ""families_promoted"": 27, ""green_assets_total"": 76, ""monitored"": 27, ""multi_horizon_min_passes"": 2, ""multi_horizon_select"": ""edge_per_bar"", ""net_edge_floor_enter_bps"": {""PERP"": ""40.0""}, ""net_edge_floor_keep_bps"": {""PERP"": ""40.0""}, ""paper_protected"": 0, ""per_asset_aware"": true, ""promotable"": 201, ""promoted_green_fraction_mean"": 0.6164, ""rows_total_after_sync"": 27, ""session_gate_blocked"": 64, ""validated"": 732}}, ""horizons"": [1, 2, 3, 4, 5, 6, 7, 8, 9, 10, 11, 12, 13, 14, 15, 16, 17, 18, 19, 20, 21, 22, 23, 24], ""l2_spread_bps"": {""max"": 8.68, ""median"": 0.56, ""min"": 0.05, ""sampled"": 60, ""unmeasured"": 0}, ""methodology_parity"": {""actual"": {""breadth_min_positive_fraction"": ""0.40"", ""breadth_min_rows_per_symbol"": ""10"", ""breadth_min_symbols"": ""6"", ""candle_count"": 1000, ""horizons"": [1, 2, 3, 4, 5, 6, 7, 8, 9, 10, 11, 12, 13, 14, 15, 16, 17, 18, 19, 20, 21, 22, 23, 24], ""max_pairs"": 60, ""min_net_edge"": ""0.004"", ""promotion_multi_horizon_min_passes"": ""2"", ""promotion_multi_horizon_select"": ""edge_per_bar"", ""relaxed_min_passes"": ""2"", ""require_bonferroni"": ""0"", ""rolling_min_periods"": ""200"", ""state_quantiles"": ""0.333333,0.666666"", ""strict_pass_floor"": ""3""}, ""expected"": {""breadth_min_positive_fraction"": ""0.40"", ""breadth_min_rows_per_symbol"": ""10"", ""breadth_min_symbols"": ""6"", ""candle_count"": 1000, ""horizons"": [1, 2, 3, 4, 5, 6, 7, 8, 9, 10, 11, 12, 13, 14, 15, 16, 17, 18, 19, 20, 21, 22, 23, 24], ""max_pairs"": 60, ""min_net_edge"": ""0.002"", ""promotion_multi_horizon_min_passes"": ""2"", ""promotion_multi_horizon_select"": ""edge_per_bar"", ""relaxed_min_passes"": ""2"", ""require_bonferroni"": ""0"", ""rolling_min_periods"": ""200"", ""state_quantiles"": ""0.333333,0.666666"", ""strict_pass_floor"": ""3""}, ""mismatches"": [""min_net_edge""], ""status"": ""mismatch""}, ""paper_enabled"": false, ""per_asset_edges"": {""blocked"": 102505, ""green"": 26519, ""rows"": 129024, ""untested"": 0}, ""promotion_blocked_reasons"": [""market_calendars_not_enforced"", ""historical_oracle_quality_not_available"", ""no_hip3_paper_evidence""], ""promotion_enabled"": false, ""promotion_gate"": {""blockers"": [{""evidence"": ""60/60 selected coins in an authoritative class (0 provisional); live-stage blocker - paper measurement is group-scoped and cannot cross-contaminate pools"", ""name"": ""market_classification_not_fully_authoritative"", ""resolved"": true, ""stage"": ""live""}, {""evidence"": ""l2 samples 60/30 minimum; measured round-trip cost 10.12 bps (median half-spread + 4.5 bps taker, x2 legs)"", ""name"": ""effective_costs_not_measured"", ""resolved"": true, ""stage"": ""paper""}, {""evidence"": ""distinct collateral token ids in selected: [0]; all confirmed (operator list: [0, 235])"", ""name"": ""collateral_tokens_not_resolved"", ""resolved"": true, ""stage"": ""paper""}, {""evidence"": ""research treats all HIP-3 sessions as 24/7; equity/FX/commodity calendars are not modeled"", ""name"": ""market_calendars_not_enforced"", ""resolved"": false, ""stage"": ""live""}, {""evidence"": ""oracle prints are not exposed by the API; cross-DEX divergence proxy not implemented"", ""name"": """
2026-09-16T01:45:30.293416+00:00,hip3_discovery_done,readonly,"{""active"": 142, ""as_of"": ""2026-09-16T01:45:28.157294+00:00"", ""dexs"": 10, ""instruments"": 286, ""top_by_dex"": {""abcd"": [], ""cash"": [], ""flx"": [], ""hyna"": [], ""io"": [""io:SNDK"", ""io:ANTH"", ""io:NBIS"", ""io:OAI"", ""io:GPRO"", ""io:IONQ""], ""km"": [], ""mkts"": [""mkts:US500"", ""mkts:USTECH"", ""mkts:SMALL2000"", ""mkts:USBOND""], ""para"": [""para:ANSEM"", ""para:TTWO"", ""para:UNITREE"", ""para:OTHERS"", ""para:CRDO"", ""para:TOTAL2"", ""para:CRWD"", ""para:COHR"", ""para:BTCD"", ""para:VST""], ""vntl"": [], ""xyz"": [""xyz:CL"", ""xyz:BRENTOIL"", ""xyz:SP500"", ""xyz:XYZ100"", ""xyz:SKHX"", ""xyz:SPCX"", ""xyz:SILVER"", ""xyz:SNDK"", ""xyz:MU"", ""xyz:SKHY""]}}"
2026-09-16T03:21:37.980928+00:00,hip3_research_done,readonly,"{""annotated_selected"": 60, ""as_of"": ""2026-09-16T01:45:31.058544+00:00"", ""class_breadth"": {""classes"": 4, ""enabled"": true, ""group_to_class"": {""mkts_index_c0"": ""index"", ""para_equity_c0"": ""equity"", ""xyz_commodity_c0"": ""commodity"", ""xyz_equity_c0"": ""equity"", ""xyz_fx_c0"": ""fx"", ""xyz_index_c0"": ""index""}, ""symbols_by_class"": {""commodity"": 6, ""equity"": 44, ""fx"": 1, ""index"": 4}}, ""classification_status"": ""authoritative"", ""cost_bps"": 30.0, ""coverage_failed"": 5, ""coverage_ok"": 55, ""discovered_slices"": 13824, ""effective_cost_bps"": {""assumed_cost_bps"": 30.0, ""base_taker_fee_bps"": 4.5, ""source"": ""measured_l2_roundtrip"", ""value"": 10.41}, ""fail_top"": [[""breadth_ok"", 13288], [""mean_net<=0"", 12919], [""temporal_pass"", 12000], [""direction_ok"", 6912]], ""hip3_paper_book"": {""frozen"": false, ""rows"": 18, ""sync"": {""blocked_for_green_breadth"": 16, ""carried_cooldown"": 0, ""carried_decayed"": 0, ""carried_kinds"": [""PERP""], ""carried_monitored"": 10, ""carried_total"": 10, ""concentrated"": 0, ""cooldown"": 0, ""decayed"": 0, ""families_considered"": 10, ""families_promoted"": 8, ""green_assets_total"": 89, ""monitored"": 8, ""multi_horizon_min_passes"": 2, ""multi_horizon_select"": ""edge_per_bar"", ""net_edge_floor_enter_bps"": {""PERP"": ""40.0""}, ""net_edge_floor_keep_bps"": {""PERP"": ""40.0""}, ""paper_protected"": 0, ""per_asset_aware"": true, ""promotable"": 65, ""promoted_green_fraction_mean"": 0.5097, ""rows_total_after_sync"": 18, ""session_gate_blocked"": 0, ""validated"": 160}}, ""horizons"": [1, 2, 3, 4, 5, 6, 7, 8, 9, 10, 11, 12, 13, 14, 15, 16, 17, 18, 19, 20, 21, 22, 23, 24], ""l2_spread_bps"": {""max"": 9.61, ""median"": 0.7, ""min"": 0.07, ""sampled"": 60, ""unmeasured"": 0}, ""methodology_parity"": {""actual"": {""breadth_min_positive_fraction"": ""0.40"", ""breadth_min_rows_per_symbol"": ""10"", ""breadth_min_symbols"": ""6"", ""candle_count"": 1000, ""horizons"": [1, 2, 3, 4, 5, 6, 7, 8, 9, 10, 11, 12, 13, 14, 15, 16, 17, 18, 19, 20, 21, 22, 23, 24], ""max_pairs"": 60, ""min_net_edge"": ""0.004"", ""promotion_multi_horizon_min_passes"": ""2"", ""promotion_multi_horizon_select"": ""edge_per_bar"", ""relaxed_min_passes"": ""2"", ""require_bonferroni"": ""0"", ""rolling_min_periods"": ""200"", ""state_quantiles"": ""0.333333,0.666666"", ""strict_pass_floor"": ""3""}, ""expected"": {""breadth_min_positive_fraction"": ""0.40"", ""breadth_min_rows_per_symbol"": ""10"", ""breadth_min_symbols"": ""6"", ""candle_count"": 1000, ""horizons"": [1, 2, 3, 4, 5, 6, 7, 8, 9, 10, 11, 12, 13, 14, 15, 16, 17, 18, 19, 20, 21, 22, 23, 24], ""max_pairs"": 60, ""min_net_edge"": ""0.002"", ""promotion_multi_horizon_min_passes"": ""2"", ""promotion_multi_horizon_select"": ""edge_per_bar"", ""relaxed_min_passes"": ""2"", ""require_bonferroni"": ""0"", ""rolling_min_periods"": ""200"", ""state_quantiles"": ""0.333333,0.666666"", ""strict_pass_floor"": ""3""}, ""mismatches"": [""min_net_edge""], ""status"": ""mismatch""}, ""paper_enabled"": false, ""per_asset_edges"": {""blocked"": 101673, ""green"": 25047, ""rows"": 126720, ""untested"": 0}, ""promotion_blocked_reasons"": [""market_calendars_not_enforced"", ""historical_oracle_quality_not_available"", ""no_hip3_paper_evidence""], ""promotion_enabled"": false, ""promotion_gate"": {""blockers"": [{""evidence"": ""60/60 selected coins in an authoritative class (0 provisional); live-stage blocker - paper measurement is group-scoped and cannot cross-contaminate pools"", ""name"": ""market_classification_not_fully_authoritative"", ""resolved"": true, ""stage"": ""live""}, {""evidence"": ""l2 samples 60/30 minimum; measured round-trip cost 10.41 bps (median half-spread + 4.5 bps taker, x2 legs)"", ""name"": ""effective_costs_not_measured"", ""resolved"": true, ""stage"": ""paper""}, {""evidence"": ""distinct collateral token ids in selected: [0]; all confirmed (operator list: [0, 235])"", ""name"": ""collateral_tokens_not_resolved"", ""resolved"": true, ""stage"": ""paper""}, {""evidence"": ""research treats all HIP-3 sessions as 24/7; equity/FX/commodity calendars are not modeled"", ""name"": ""market_calendars_not_enforced"", ""resolved"": false, ""stage"": ""live""}, {""evidence"": ""oracle prints are not exposed by the API; cross-DEX divergence proxy not implemented"", ""name"""
2026-09-17T01:45:38.799898+00:00,hip3_discovery_done,readonly,"{""active"": 143, ""as_of"": ""2026-09-17T01:45:36.540371+00:00"", ""dexs"": 10, ""instruments"": 286, ""top_by_dex"": {""abcd"": [], ""cash"": [], ""flx"": [], ""hyna"": [], ""io"": [""io:SNDK"", ""io:ANTH"", ""io:NBIS"", ""io:OAI"", ""io:GPRO"", ""io:IONQ""], ""km"": [], ""mkts"": [""mkts:US500"", ""mkts:USTECH"", ""mkts:SMALL2000"", ""mkts:USBOND""], ""para"": [""para:TREAD"", ""para:ANSEM"", ""para:VST"", ""para:CRDO"", ""para:IREN"", ""para:UNITREE"", ""para:10Y"", ""para:COHR"", ""para:TTWO"", ""para:CIFR""], ""vntl"": [], ""xyz"": [""xyz:SP500"", ""xyz:XYZ100"", ""xyz:CL"", ""xyz:SKHX"", ""xyz:SILVER"", ""xyz:SPCX"", ""xyz:SNDK"", ""xyz:GOLD"", ""xyz:BRENTOIL"", ""xyz:SKHY""]}}"
