as_of,coin,dex,market_class,requested_bars,received_bars,first_bar,last_bar,max_gap_seconds,coverage_ok,error,l2_half_spread_bps
2026-10-04T01:45:32.393659+00:00,xyz:SP500,xyz,index,1000,1000,2026-08-23T10:00:00+00:00,2026-10-04T01:00:00+00:00,3600,True,,0.06
2026-10-04T01:45:32.393659+00:00,xyz:XYZ100,xyz,index,1000,1000,2026-08-23T10:00:00+00:00,2026-10-04T01:00:00+00:00,3600,True,,0.16
2026-10-04T01:45:32.393659+00:00,xyz:CBRS,xyz,equity,1000,1000,2026-08-23T10:00:00+00:00,2026-10-04T01:00:00+00:00,3600,True,,0.27
2026-10-04T01:45:32.393659+00:00,xyz:CL,xyz,commodity,1000,1000,2026-08-23T10:00:00+00:00,2026-10-04T01:00:00+00:00,3600,True,,0.05
2026-10-04T01:45:32.393659+00:00,xyz:BRENTOIL,xyz,commodity,1000,1000,2026-08-23T10:00:00+00:00,2026-10-04T01:00:00+00:00,3600,True,,0.49
2026-10-04T01:45:32.393659+00:00,xyz:SKHX,xyz,equity,1000,1000,2026-08-23T10:00:00+00:00,2026-10-04T01:00:00+00:00,3600,True,,0.36
2026-10-04T01:45:32.393659+00:00,io:SNDK,io,equity,1000,1000,2026-08-23T10:00:00+00:00,2026-10-04T01:00:00+00:00,3600,True,,0.29
2026-10-04T01:45:32.393659+00:00,xyz:MU,xyz,equity,1000,1000,2026-08-23T10:00:00+00:00,2026-10-04T01:00:00+00:00,3600,True,,0.47
2026-10-04T01:45:32.393659+00:00,xyz:DRAM,xyz,equity,1000,1000,2026-08-23T10:00:00+00:00,2026-10-04T01:00:00+00:00,3600,True,,0.25
2026-10-04T01:45:32.393659+00:00,xyz:INTC,xyz,equity,1000,1000,2026-08-23T10:00:00+00:00,2026-10-04T01:00:00+00:00,3600,True,,0.43
2026-10-04T01:45:32.393659+00:00,xyz:GOLD,xyz,commodity,1000,1000,2026-08-23T10:00:00+00:00,2026-10-04T01:00:00+00:00,3600,True,,0.12
2026-10-04T01:45:32.393659+00:00,xyz:SILVER,xyz,commodity,1000,1000,2026-08-23T10:00:00+00:00,2026-10-04T01:00:00+00:00,3600,True,,0.08
2026-10-04T01:45:32.393659+00:00,xyz:BB,xyz,equity,1000,1000,2026-08-23T10:00:00+00:00,2026-10-04T01:00:00+00:00,3600,True,,1.09
2026-10-04T01:45:32.393659+00:00,xyz:SNDK,xyz,equity,1000,1000,2026-08-23T10:00:00+00:00,2026-10-04T01:00:00+00:00,3600,True,,0.29
2026-10-04T01:45:32.393659+00:00,xyz:NVDA,xyz,equity,1000,1000,2026-08-23T10:00:00+00:00,2026-10-04T01:00:00+00:00,3600,True,,0.43
2026-10-04T01:45:32.393659+00:00,xyz:STRC,xyz,equity,1000,1000,2026-08-23T10:00:00+00:00,2026-10-04T01:00:00+00:00,3600,True,,0.05
2026-10-04T01:45:32.393659+00:00,io:ANTH,io,preipo,1000,1000,2026-08-23T10:00:00+00:00,2026-10-04T01:00:00+00:00,3600,True,,0.24
2026-10-04T01:45:32.393659+00:00,xyz:META,xyz,equity,1000,1000,2026-08-23T10:00:00+00:00,2026-10-04T01:00:00+00:00,3600,True,,0.34
2026-10-04T01:45:32.393659+00:00,xyz:SKHY,xyz,equity,1000,1000,2026-08-23T10:00:00+00:00,2026-10-04T01:00:00+00:00,3600,True,,0.26
2026-10-04T01:45:32.393659+00:00,xyz:GOOGL,xyz,equity,1000,1000,2026-08-23T10:00:00+00:00,2026-10-04T01:00:00+00:00,3600,True,,0.44
2026-10-04T01:45:32.393659+00:00,xyz:CRCL,xyz,equity,1000,1000,2026-08-23T10:00:00+00:00,2026-10-04T01:00:00+00:00,3600,True,,0.42
2026-10-04T01:45:32.393659+00:00,xyz:SPCX,xyz,equity,1000,1000,2026-08-23T10:00:00+00:00,2026-10-04T01:00:00+00:00,3600,True,,0.31
2026-10-04T01:45:32.393659+00:00,xyz:MSTR,xyz,equity,1000,1000,2026-08-23T10:00:00+00:00,2026-10-04T01:00:00+00:00,3600,True,,0.61
2026-10-04T01:45:32.393659+00:00,para:10Y,para,provisional_equity,1000,1000,2026-08-23T10:00:00+00:00,2026-10-04T01:00:00+00:00,3600,True,,1.79
2026-10-04T01:45:32.393659+00:00,xyz:SOXL,xyz,equity,1000,1000,2026-08-23T10:00:00+00:00,2026-10-04T01:00:00+00:00,3600,True,,0.91
2026-10-04T01:45:32.393659+00:00,xyz:SMSN,xyz,equity,1000,1000,2026-08-23T10:00:00+00:00,2026-10-04T01:00:00+00:00,3600,True,,0.49
2026-10-04T01:45:32.393659+00:00,xyz:EWY,xyz,equity,1000,1000,2026-08-23T10:00:00+00:00,2026-10-04T01:00:00+00:00,3600,True,,0.52
2026-10-04T01:45:32.393659+00:00,xyz:AAPL,xyz,equity,1000,1000,2026-08-23T10:00:00+00:00,2026-10-04T01:00:00+00:00,3600,True,,0.15
2026-10-04T01:45:32.393659+00:00,xyz:HO,xyz,commodity,1000,73,2026-10-01T01:00:00+00:00,2026-10-04T01:00:00+00:00,3600,False,insufficient_or_gapped_history,1.07
2026-10-04T01:45:32.393659+00:00,xyz:TSLA,xyz,equity,1000,1000,2026-08-23T10:00:00+00:00,2026-10-04T01:00:00+00:00,3600,True,,0.13
2026-10-04T01:45:32.393659+00:00,xyz:AMZN,xyz,equity,1000,1000,2026-08-23T10:00:00+00:00,2026-10-04T01:00:00+00:00,3600,True,,0.59
2026-10-04T01:45:32.393659+00:00,mkts:US500,mkts,index,1000,1000,2026-08-23T10:00:00+00:00,2026-10-04T01:00:00+00:00,3600,True,,0.84
2026-10-04T01:45:32.393659+00:00,xyz:MSFT,xyz,equity,1000,1000,2026-08-23T10:00:00+00:00,2026-10-04T01:00:00+00:00,3600,True,,0.10
2026-10-04T01:45:32.393659+00:00,xyz:HOOD,xyz,equity,1000,1000,2026-08-23T10:00:00+00:00,2026-10-04T01:00:00+00:00,3600,True,,0.44
2026-10-04T01:45:32.393659+00:00,io:OAI,io,preipo,1000,757,2026-09-02T13:00:00+00:00,2026-10-04T01:00:00+00:00,3600,True,,0.92
2026-10-04T01:45:32.393659+00:00,para:VST,para,equity,1000,1000,2026-08-23T10:00:00+00:00,2026-10-04T01:00:00+00:00,3600,True,,4.78
2026-10-04T01:45:32.393659+00:00,xyz:CRWD,xyz,equity,1000,1000,2026-08-23T10:00:00+00:00,2026-10-04T01:00:00+00:00,3600,True,,2.75
2026-10-04T01:45:32.393659+00:00,io:NBIS,io,equity,1000,877,2026-08-28T13:00:00+00:00,2026-10-04T01:00:00+00:00,3600,True,,1.03
2026-10-04T01:45:32.393659+00:00,io:DRAM,io,equity,1000,396,2026-09-17T14:00:00+00:00,2026-10-04T01:00:00+00:00,3600,False,insufficient_or_gapped_history,0.98
2026-10-04T01:45:32.393659+00:00,xyz:AMD,xyz,equity,1000,1000,2026-08-23T10:00:00+00:00,2026-10-04T01:00:00+00:00,3600,True,,0.55
