slice_id,kind,feature,state,side,status,validated_at,last_signal_bar,paper_trades,paper_wins,paper_losses,paper_pnl_zar,cooldown_until,mean_ret_costadj,n,p_value,horizon_bars,stop_atr_mult,source,hostile_unproven,edge_is_directional_net,n_green,green_frac
hip3_para_equity_c0:feat_vol_regime:2:SHORT:h6,PERP,feat_vol_regime,2,SHORT,monitored,2026-09-15T07:12:33.280993+00:00,,0,0,0,0,,0.004930,505,0.000000,6,3.500,validated_walk_forward,False,True,2,1.000
hip3_para_equity_c0:feat_vol_regime:2:SHORT:h8,PERP,feat_vol_regime,2,SHORT,monitored,2026-09-15T07:12:33.280993+00:00,,0,0,0,0,,0.007038,503,0.000000,8,3.500,validated_walk_forward,False,True,2,1.000
hip3_para_equity_c0:feat_ret_vol:2:SHORT:h8,PERP,feat_ret_vol,2,SHORT,monitored,2026-09-15T07:12:33.280993+00:00,,0,0,0,0,,0.004664,295,0.002180,8,3.500,validated_walk_forward,False,True,2,1.000
hip3_para_equity_c0:feat_vol_regime:2:SHORT:h9,PERP,feat_vol_regime,2,SHORT,monitored,2026-09-15T07:12:33.280993+00:00,,0,0,0,0,,0.008201,502,0.000000,9,3.500,validated_walk_forward,False,True,2,1.000
hip3_para_equity_c0:feat_ret_vol:2:SHORT:h9,PERP,feat_ret_vol,2,SHORT,monitored,2026-09-15T07:12:33.280993+00:00,,0,0,0,0,,0.005423,295,0.015074,9,3.500,validated_walk_forward,False,True,2,1.000
hip3_para_equity_c0:feat_vol_regime:2:SHORT:h10,PERP,feat_vol_regime,2,SHORT,monitored,2026-09-15T07:12:33.280993+00:00,,0,0,0,0,,0.009426,501,0.000000,10,3.500,validated_walk_forward,False,True,2,1.000
hip3_para_equity_c0:feat_vol_regime:2:SHORT:h11,PERP,feat_vol_regime,2,SHORT,monitored,2026-09-15T07:12:33.280993+00:00,,0,0,0,0,,0.010763,499,0.000000,11,3.500,validated_walk_forward,False,True,2,1.000
hip3_para_equity_c0:feat_vol_regime:2:SHORT:h12,PERP,feat_vol_regime,2,SHORT,monitored,2026-09-15T07:12:33.280993+00:00,,0,0,0,0,,0.011650,497,0.000000,12,3.500,validated_walk_forward,False,True,2,1.000
hip3_para_equity_c0:feat_vol_regime:2:SHORT:h13,PERP,feat_vol_regime,2,SHORT,monitored,2026-09-15T07:12:33.280993+00:00,,0,0,0,0,,0.012567,496,0.000000,13,3.500,validated_walk_forward,False,True,2,1.000
hip3_para_equity_c0:feat_vol_regime:2:SHORT:h14,PERP,feat_vol_regime,2,SHORT,monitored,2026-09-15T07:12:33.280993+00:00,,0,0,0,0,,0.013429,495,0.000000,14,3.500,validated_walk_forward,False,True,2,1.000
hip3_para_equity_c0:feat_vol_regime:2:SHORT:h15,PERP,feat_vol_regime,2,SHORT,monitored,2026-09-15T07:12:33.280993+00:00,,0,0,0,0,,0.014603,494,0.000000,15,3.500,validated_walk_forward,False,True,2,1.000
hip3_para_equity_c0:feat_ret_vol:2:SHORT:h15,PERP,feat_ret_vol,2,SHORT,monitored,2026-09-15T07:12:33.280993+00:00,,0,0,0,0,,0.011936,290,0.050294,15,3.500,validated_walk_forward,False,True,2,1.000
hip3_para_equity_c0:feat_ret_20:2:SHORT:h15,PERP,feat_ret_20,2,SHORT,monitored,2026-09-15T07:12:33.280993+00:00,,0,0,0,0,,0.011520,250,0.072254,15,3.500,validated_walk_forward,False,True,2,1.000
hip3_para_equity_c0:feat_trend_strength_20:1:SHORT:h15,PERP,feat_trend_strength_20,1,SHORT,monitored,2026-09-15T07:12:33.280993+00:00,,0,0,0,0,,0.004437,498,0.173896,15,3.500,validated_walk_forward,False,True,2,1.000
hip3_para_equity_c0:feat_vol_regime:2:SHORT:h16,PERP,feat_vol_regime,2,SHORT,monitored,2026-09-15T07:12:33.280993+00:00,,0,0,0,0,,0.015414,493,0.000000,16,3.500,validated_walk_forward,False,True,2,1.000
hip3_para_equity_c0:feat_ret_vol:2:SHORT:h16,PERP,feat_ret_vol,2,SHORT,monitored,2026-09-15T07:12:33.280993+00:00,,0,0,0,0,,0.013194,289,0.051006,16,3.500,validated_walk_forward,False,True,2,1.000
hip3_para_equity_c0:feat_ret_20:2:SHORT:h16,PERP,feat_ret_20,2,SHORT,monitored,2026-09-15T07:12:33.280993+00:00,,0,0,0,0,,0.012502,249,0.062454,16,3.500,validated_walk_forward,False,True,2,1.000
hip3_para_equity_c0:feat_ext_strength:0:SHORT:h16,PERP,feat_ext_strength,0,SHORT,monitored,2026-09-15T07:12:33.280993+00:00,,0,0,0,0,,0.006298,705,0.052572,16,3.500,validated_walk_forward,False,True,2,1.000
hip3_para_equity_c0:feat_trend_strength_20:1:SHORT:h16,PERP,feat_trend_strength_20,1,SHORT,monitored,2026-09-15T07:12:33.280993+00:00,,0,0,0,0,,0.005106,498,0.184639,16,3.500,validated_walk_forward,False,True,2,1.000
hip3_para_equity_c0:feat_vol_regime:2:SHORT:h17,PERP,feat_vol_regime,2,SHORT,monitored,2026-09-15T07:12:33.280993+00:00,,0,0,0,0,,0.016424,492,0.000000,17,3.500,validated_walk_forward,False,True,2,1.000
hip3_para_equity_c0:feat_ret_vol:2:SHORT:h17,PERP,feat_ret_vol,2,SHORT,monitored,2026-09-15T07:12:33.280993+00:00,,0,0,0,0,,0.014579,288,0.045434,17,3.500,validated_walk_forward,False,True,2,1.000
hip3_para_equity_c0:feat_ret_20:2:SHORT:h17,PERP,feat_ret_20,2,SHORT,monitored,2026-09-15T07:12:33.280993+00:00,,0,0,0,0,,0.013497,248,0.060376,17,3.500,validated_walk_forward,False,True,2,1.000
hip3_para_equity_c0:feat_ext_vs_ma_10:0:SHORT:h17,PERP,feat_ext_vs_ma_10,0,SHORT,monitored,2026-09-15T07:12:33.280993+00:00,,0,0,0,0,,0.006801,615,0.000000,17,3.500,validated_walk_forward,False,True,2,1.000
hip3_para_equity_c0:feat_ret_10:0:SHORT:h17,PERP,feat_ret_10,0,SHORT,monitored,2026-09-15T07:12:33.280993+00:00,,0,0,0,0,,0.006018,647,0.000168,17,3.500,validated_walk_forward,False,True,2,1.000
hip3_para_equity_c0:feat_trend_strength_20:1:SHORT:h17,PERP,feat_trend_strength_20,1,SHORT,monitored,2026-09-15T07:12:33.280993+00:00,,0,0,0,0,,0.005749,497,0.183604,17,3.500,validated_walk_forward,False,True,2,1.000
hip3_para_equity_c0:feat_vol_regime:2:SHORT:h18,PERP,feat_vol_regime,2,SHORT,monitored,2026-09-15T07:12:33.280993+00:00,,0,0,0,0,,0.017321,491,0.000000,18,3.500,validated_walk_forward,False,True,2,1.000
hip3_para_equity_c0:feat_ret_vol:2:SHORT:h18,PERP,feat_ret_vol,2,SHORT,monitored,2026-09-15T07:12:33.280993+00:00,,0,0,0,0,,0.016013,287,0.042179,18,3.500,validated_walk_forward,False,True,2,1.000
hip3_para_equity_c0:feat_vol_trend:2:SHORT:h18,PERP,feat_vol_trend,2,SHORT,monitored,2026-09-15T07:12:33.280993+00:00,,0,0,0,0,,0.014997,270,0.061147,18,3.500,validated_walk_forward,False,True,2,1.000
hip3_para_equity_c0:feat_ret_20:2:SHORT:h18,PERP,feat_ret_20,2,SHORT,monitored,2026-09-15T07:12:33.280993+00:00,,0,0,0,0,,0.014983,247,0.054883,18,3.500,validated_walk_forward,False,True,2,1.000
hip3_para_equity_c0:feat_ext_vs_ma_10:0:SHORT:h18,PERP,feat_ext_vs_ma_10,0,SHORT,monitored,2026-09-15T07:12:33.280993+00:00,,0,0,0,0,,0.006905,614,0.000023,18,3.500,validated_walk_forward,False,True,2,1.000
hip3_para_equity_c0:feat_trend_strength_20:1:SHORT:h18,PERP,feat_trend_strength_20,1,SHORT,monitored,2026-09-15T07:12:33.280993+00:00,,0,0,0,0,,0.006446,496,0.194795,18,3.500,validated_walk_forward,False,True,2,1.000
hip3_para_equity_c0:feat_ret_10:0:SHORT:h18,PERP,feat_ret_10,0,SHORT,monitored,2026-09-15T07:12:33.280993+00:00,,0,0,0,0,,0.006201,645,0.006118,18,3.500,validated_walk_forward,False,True,2,1.000
hip3_para_equity_c0:feat_vol_regime:2:SHORT:h19,PERP,feat_vol_regime,2,SHORT,monitored,2026-09-15T07:12:33.280993+00:00,,0,0,0,0,,0.017948,490,0.000000,19,3.500,validated_walk_forward,False,True,2,1.000
hip3_para_equity_c0:feat_ret_vol:2:SHORT:h19,PERP,feat_ret_vol,2,SHORT,monitored,2026-09-15T07:12:33.280993+00:00,,0,0,0,0,,0.017364,286,0.046795,19,3.500,validated_walk_forward,False,True,2,1.000
hip3_para_equity_c0:feat_vol_trend:2:SHORT:h19,PERP,feat_vol_trend,2,SHORT,monitored,2026-09-15T07:12:33.280993+00:00,,0,0,0,0,,0.016332,269,0.061350,19,3.500,validated_walk_forward,False,True,2,1.000
hip3_para_equity_c0:feat_ret_20:2:SHORT:h19,PERP,feat_ret_20,2,SHORT,monitored,2026-09-15T07:12:33.280993+00:00,,0,0,0,0,,0.016216,246,0.063398,19,3.500,validated_walk_forward,False,True,2,1.000
hip3_para_equity_c0:feat_trend_strength_20:1:SHORT:h19,PERP,feat_trend_strength_20,1,SHORT,monitored,2026-09-15T07:12:33.280993+00:00,,0,0,0,0,,0.007367,495,0.170072,19,3.500,validated_walk_forward,False,True,2,1.000
hip3_para_equity_c0:feat_ext_vs_ma_10:0:SHORT:h19,PERP,feat_ext_vs_ma_10,0,SHORT,monitored,2026-09-15T07:12:33.280993+00:00,,0,0,0,0,,0.006876,612,0.003201,19,3.500,validated_walk_forward,False,True,2,1.000
hip3_para_equity_c0:feat_ret_10:0:SHORT:h19,PERP,feat_ret_10,0,SHORT,monitored,2026-09-15T07:12:33.280993+00:00,,0,0,0,0,,0.006122,644,0.022818,19,3.500,validated_walk_forward,False,True,2,1.000
hip3_para_equity_c0:feat_ret_vol:2:SHORT:h20,PERP,feat_ret_vol,2,SHORT,monitored,2026-09-15T07:12:33.280993+00:00,,0,0,0,0,,0.018596,285,0.050272,20,3.500,validated_walk_forward,False,True,2,1.000
hip3_para_equity_c0:feat_vol_regime:2:SHORT:h20,PERP,feat_vol_regime,2,SHORT,monitored,2026-09-15T07:12:33.280993+00:00,,0,0,0,0,,0.018467,489,0.000000,20,3.500,validated_walk_forward,False,True,2,1.000
hip3_para_equity_c0:feat_vol_trend:2:SHORT:h20,PERP,feat_vol_trend,2,SHORT,monitored,2026-09-15T07:12:33.280993+00:00,,0,0,0,0,,0.017479,268,0.065126,20,3.500,validated_walk_forward,False,True,2,1.000
hip3_para_equity_c0:feat_ret_20:2:SHORT:h20,PERP,feat_ret_20,2,SHORT,monitored,2026-09-15T07:12:33.280993+00:00,,0,0,0,0,,0.017324,245,0.070167,20,3.500,validated_walk_forward,False,True,2,1.000
hip3_para_equity_c0:feat_trend_strength_20:2:SHORT:h20,PERP,feat_trend_strength_20,2,SHORT,monitored,2026-09-15T07:12:33.280993+00:00,,0,0,0,0,,0.011094,436,0.056149,20,3.500,validated_walk_forward,False,True,2,1.000
hip3_para_equity_c0:feat_trend_strength_20:1:SHORT:h20,PERP,feat_trend_strength_20,1,SHORT,monitored,2026-09-15T07:12:33.280993+00:00,,0,0,0,0,,0.008065,494,0.165536,20,3.500,validated_walk_forward,False,True,2,1.000
hip3_para_equity_c0:feat_ext_vs_ma_10:0:SHORT:h20,PERP,feat_ext_vs_ma_10,0,SHORT,monitored,2026-09-15T07:12:33.280993+00:00,,0,0,0,0,,0.006696,610,0.016061,20,3.500,validated_walk_forward,False,True,2,1.000
hip3_para_equity_c0:feat_ret_10:0:SHORT:h20,PERP,feat_ret_10,0,SHORT,monitored,2026-09-15T07:12:33.280993+00:00,,0,0,0,0,,0.006006,642,0.054323,20,3.500,validated_walk_forward,False,True,2,1.000
hip3_para_equity_c0:feat_ret_vol:2:SHORT:h21,PERP,feat_ret_vol,2,SHORT,monitored,2026-09-15T07:12:33.280993+00:00,,0,0,0,0,,0.019050,284,0.056806,21,3.500,validated_walk_forward,False,True,2,1.000
hip3_para_equity_c0:feat_vol_regime:2:SHORT:h21,PERP,feat_vol_regime,2,SHORT,monitored,2026-09-15T07:12:33.280993+00:00,,0,0,0,0,,0.018884,488,0.000000,21,3.500,validated_walk_forward,False,True,2,1.000
hip3_para_equity_c0:feat_ret_20:2:SHORT:h21,PERP,feat_ret_20,2,SHORT,monitored,2026-09-15T07:12:33.280993+00:00,,0,0,0,0,,0.018263,244,0.084725,21,3.500,validated_walk_forward,False,True,2,1.000
hip3_para_equity_c0:feat_vol_trend:2:SHORT:h21,PERP,feat_vol_trend,2,SHORT,monitored,2026-09-15T07:12:33.280993+00:00,,0,0,0,0,,0.017923,267,0.070542,21,3.500,validated_walk_forward,False,True,2,1.000
hip3_para_equity_c0:feat_trend_strength_20:2:SHORT:h21,PERP,feat_trend_strength_20,2,SHORT,monitored,2026-09-15T07:12:33.280993+00:00,,0,0,0,0,,0.011147,434,0.061971,21,3.500,validated_walk_forward,False,True,2,1.000
hip3_para_equity_c0:feat_trend_strength_20:1:SHORT:h21,PERP,feat_trend_strength_20,1,SHORT,monitored,2026-09-15T07:12:33.280993+00:00,,0,0,0,0,,0.008251,494,0.197724,21,3.500,validated_walk_forward,False,True,2,1.000
hip3_para_equity_c0:feat_ext_vs_ma_10:0:SHORT:h21,PERP,feat_ext_vs_ma_10,0,SHORT,monitored,2026-09-15T07:12:33.280993+00:00,,0,0,0,0,,0.006566,609,0.042010,21,3.500,validated_walk_forward,False,True,2,1.000
hip3_para_equity_c0:feat_ret_vol:2:SHORT:h22,PERP,feat_ret_vol,2,SHORT,monitored,2026-09-15T07:12:33.280993+00:00,,0,0,0,0,,0.019341,283,0.073009,22,3.500,validated_walk_forward,False,True,2,1.000
hip3_para_equity_c0:feat_vol_regime:2:SHORT:h22,PERP,feat_vol_regime,2,SHORT,monitored,2026-09-15T07:12:33.280993+00:00,,0,0,0,0,,0.019315,487,0.000000,22,3.500,validated_walk_forward,False,True,2,1.000
hip3_para_equity_c0:feat_vol_trend:2:SHORT:h22,PERP,feat_vol_trend,2,SHORT,monitored,2026-09-15T07:12:33.280993+00:00,,0,0,0,0,,0.018709,266,0.072664,22,3.500,validated_walk_forward,False,True,2,1.000
hip3_para_equity_c0:feat_ret_20:2:SHORT:h22,PERP,feat_ret_20,2,SHORT,monitored,2026-09-15T07:12:33.280993+00:00,,0,0,0,0,,0.018587,243,0.096324,22,3.500,validated_walk_forward,False,True,2,1.000
hip3_para_equity_c0:feat_trend_strength_20:2:SHORT:h22,PERP,feat_trend_strength_20,2,SHORT,monitored,2026-09-15T07:12:33.280993+00:00,,0,0,0,0,,0.011246,432,0.062440,22,3.500,validated_walk_forward,False,True,2,1.000
hip3_para_equity_c0:feat_trend_strength_20:1:SHORT:h22,PERP,feat_trend_strength_20,1,SHORT,monitored,2026-09-15T07:12:33.280993+00:00,,0,0,0,0,,0.008828,494,0.182267,22,3.500,validated_walk_forward,False,True,2,1.000
hip3_para_equity_c0:feat_vol_regime:2:SHORT:h23,PERP,feat_vol_regime,2,SHORT,monitored,2026-09-15T07:12:33.280993+00:00,,0,0,0,0,,0.019784,485,0.000000,23,3.500,validated_walk_forward,False,True,2,1.000
hip3_para_equity_c0:feat_ret_vol:2:SHORT:h23,PERP,feat_ret_vol,2,SHORT,monitored,2026-09-15T07:12:33.280993+00:00,,0,0,0,0,,0.019780,282,0.081412,23,3.500,validated_walk_forward,False,True,2,1.000
hip3_para_equity_c0:feat_vol_trend:2:SHORT:h23,PERP,feat_vol_trend,2,SHORT,monitored,2026-09-15T07:12:33.280993+00:00,,0,0,0,0,,0.019357,265,0.072780,23,3.500,validated_walk_forward,False,True,2,1.000
hip3_para_equity_c0:feat_ret_20:2:SHORT:h23,PERP,feat_ret_20,2,SHORT,monitored,2026-09-15T07:12:33.280993+00:00,,0,0,0,0,,0.018909,242,0.100221,23,3.500,validated_walk_forward,False,True,2,1.000
hip3_para_equity_c0:feat_trend_strength_20:1:SHORT:h23,PERP,feat_trend_strength_20,1,SHORT,monitored,2026-09-15T07:12:33.280993+00:00,,0,0,0,0,,0.008893,493,0.177348,23,3.500,validated_walk_forward,False,True,2,1.000
hip3_para_equity_c0:feat_vol_regime:2:SHORT:h24,PERP,feat_vol_regime,2,SHORT,monitored,2026-09-15T07:12:33.280993+00:00,,0,0,0,0,,0.020146,484,0.000000,24,3.500,validated_walk_forward,False,True,2,1.000
hip3_para_equity_c0:feat_ret_vol:2:SHORT:h24,PERP,feat_ret_vol,2,SHORT,monitored,2026-09-15T07:12:33.280993+00:00,,0,0,0,0,,0.019952,281,0.094883,24,3.500,validated_walk_forward,False,True,2,1.000
hip3_para_equity_c0:feat_vol_trend:2:SHORT:h24,PERP,feat_vol_trend,2,SHORT,monitored,2026-09-15T07:12:33.280993+00:00,,0,0,0,0,,0.019554,264,0.075736,24,3.500,validated_walk_forward,False,True,2,1.000
hip3_xyz_commodity_c0:feat_vol_regime:1:LONG:h15,PERP,feat_vol_regime,1,LONG,monitored,2026-09-15T07:12:33.280993+00:00,,0,0,0,0,,0.003948,993,0.000003,15,3.500,validated_walk_forward,False,True,4,0.800
hip3_xyz_commodity_c0:feat_realized_vol_20:1:LONG:h15,PERP,feat_realized_vol_20,1,LONG,monitored,2026-09-15T07:12:33.280993+00:00,,0,0,0,0,,0.002432,1091,0.082732,15,3.500,validated_walk_forward,False,True,4,0.800
hip3_xyz_commodity_c0:feat_trend_strength_20:2:LONG:h15,PERP,feat_trend_strength_20,2,LONG,monitored,2026-09-15T07:12:33.280993+00:00,,0,0,0,0,,0.001313,1337,0.063812,15,3.500,validated_walk_forward,False,True,3,0.600
hip3_xyz_commodity_c0:feat_ret_1:0:LONG:h15,PERP,feat_ret_1,0,LONG,monitored,2026-09-15T07:12:33.280993+00:00,,0,0,0,0,,0.000994,1290,0.290205,15,3.500,validated_walk_forward,False,True,3,0.600
hip3_xyz_commodity_c0:feat_ret_20:0:LONG:h15,PERP,feat_ret_20,0,LONG,monitored,2026-09-15T07:12:33.280993+00:00,,0,0,0,0,,0.000936,1336,0.122624,15,3.500,validated_walk_forward,False,True,3,0.600
hip3_xyz_commodity_c0:feat_atr_norm_ext:2:LONG:h15,PERP,feat_atr_norm_ext,2,LONG,monitored,2026-09-15T07:12:33.280993+00:00,,0,0,0,0,,0.000861,1205,0.294885,15,3.500,validated_walk_forward,False,True,2,0.400
hip3_xyz_commodity_c0:feat_ext_vs_ma_10:2:LONG:h15,PERP,feat_ext_vs_ma_10,2,LONG,monitored,2026-09-15T07:12:33.280993+00:00,,0,0,0,0,,0.000835,1165,0.385834,15,3.500,validated_walk_forward,False,True,2,0.400
hip3_xyz_commodity_c0:feat_trend_slope_20:0:LONG:h15,PERP,feat_trend_slope_20,0,LONG,monitored,2026-09-15T07:12:33.280993+00:00,,0,0,0,0,,0.000809,1369,0.164238,15,3.500,validated_walk_forward,False,True,3,0.600
hip3_xyz_commodity_c0:feat_ext_vs_ma_50:0:LONG:h15,PERP,feat_ext_vs_ma_50,0,LONG,monitored,2026-09-15T07:12:33.280993+00:00,,0,0,0,0,,0.000706,1411,0.353541,15,3.500,validated_walk_forward,False,True,3,0.600
hip3_xyz_commodity_c0:feat_ret_vol:0:LONG:h15,PERP,feat_ret_vol,0,LONG,monitored,2026-09-15T07:12:33.280993+00:00,,0,0,0,0,,0.000690,1246,0.346361,15,3.500,validated_walk_forward,False,True,2,0.400
hip3_xyz_commodity_c0:feat_ret_3:0:LONG:h15,PERP,feat_ret_3,0,LONG,monitored,2026-09-15T07:12:33.280993+00:00,,0,0,0,0,,0.000576,1330,0.309630,15,3.500,validated_walk_forward,False,True,2,0.400
hip3_xyz_commodity_c0:feat_ext_vs_ma_20:2:LONG:h15,PERP,feat_ext_vs_ma_20,2,LONG,monitored,2026-09-15T07:12:33.280993+00:00,,0,0,0,0,,0.000569,1172,0.492966,15,3.500,validated_walk_forward,False,True,2,0.400
hip3_xyz_commodity_c0:feat_ext_strength:2:LONG:h15,PERP,feat_ext_strength,2,LONG,monitored,2026-09-15T07:12:33.280993+00:00,,0,0,0,0,,0.000398,1196,0.654426,15,3.500,validated_walk_forward,False,True,2,0.400
hip3_xyz_commodity_c0:feat_ret_5:2:LONG:h15,PERP,feat_ret_5,2,LONG,monitored,2026-09-15T07:12:33.280993+00:00,,0,0,0,0,,0.000388,1166,0.674143,15,3.500,validated_walk_forward,False,True,2,0.400
hip3_xyz_commodity_c0:feat_ret_10:2:LONG:h15,PERP,feat_ret_10,2,LONG,monitored,2026-09-15T07:12:33.280993+00:00,,0,0,0,0,,0.000346,1166,0.703454,15,3.500,validated_walk_forward,False,True,2,0.400
hip3_xyz_commodity_c0:feat_trend_slope_20:1:LONG:h15,PERP,feat_trend_slope_20,1,LONG,monitored,2026-09-15T07:12:33.280993+00:00,,0,0,0,0,,0.000346,1319,0.874670,15,3.500,validated_walk_forward,False,True,2,0.400
hip3_xyz_commodity_c0:feat_realized_vol_20:0:LONG:h15,PERP,feat_realized_vol_20,0,LONG,monitored,2026-09-15T07:12:33.280993+00:00,,0,0,0,0,,0.000336,1434,0.737791,15,3.500,validated_walk_forward,False,True,3,0.600
hip3_xyz_commodity_c0:feat_ret_10:1:LONG:h15,PERP,feat_ret_10,1,LONG,monitored,2026-09-15T07:12:33.280993+00:00,,0,0,0,0,,0.000319,1381,0.779188,15,3.500,validated_walk_forward,False,True,3,0.600
hip3_xyz_commodity_c0:feat_trend_strength_20:0:LONG:h15,PERP,feat_trend_strength_20,0,LONG,monitored,2026-09-15T07:12:33.280993+00:00,,0,0,0,0,,0.000306,1294,0.825710,15,3.500,validated_walk_forward,False,True,2,0.400
hip3_xyz_commodity_c0:feat_ret_20:1:LONG:h15,PERP,feat_ret_20,1,LONG,monitored,2026-09-15T07:12:33.280993+00:00,,0,0,0,0,,0.000261,1354,0.933025,15,3.500,validated_walk_forward,False,True,2,0.400
hip3_xyz_commodity_c0:feat_vol_trend:1:LONG:h15,PERP,feat_vol_trend,1,LONG,monitored,2026-09-15T07:12:33.280993+00:00,,0,0,0,0,,0.000210,1197,0.878892,15,3.500,validated_walk_forward,False,True,2,0.400
hip3_xyz_commodity_c0:feat_ret_vol:1:LONG:h15,PERP,feat_ret_vol,1,LONG,monitored,2026-09-15T07:12:33.280993+00:00,,0,0,0,0,,0.000200,1248,0.975113,15,3.500,validated_walk_forward,False,True,2,0.400
hip3_xyz_commodity_c0:feat_ret_3:2:LONG:h15,PERP,feat_ret_3,2,LONG,monitored,2026-09-15T07:12:33.280993+00:00,,0,0,0,0,,0.000170,1134,0.805201,15,3.500,validated_walk_forward,False,True,2,0.400
hip3_xyz_commodity_c0:feat_ext_strength:1:LONG:h15,PERP,feat_ext_strength,1,LONG,monitored,2026-09-15T07:12:33.280993+00:00,,0,0,0,0,,0.000059,1308,0.932354,15,3.500,validated_walk_forward,False,True,2,0.400
hip3_xyz_commodity_c0:feat_vol_regime:1:LONG:h16,PERP,feat_vol_regime,1,LONG,monitored,2026-09-15T07:12:33.280993+00:00,,0,0,0,0,,0.004200,993,0.000008,16,3.500,validated_walk_forward,False,True,4,0.800
hip3_xyz_commodity_c0:feat_realized_vol_20:1:LONG:h16,PERP,feat_realized_vol_20,1,LONG,monitored,2026-09-15T07:12:33.280993+00:00,,0,0,0,0,,0.002477,1089,0.090016,16,3.500,validated_walk_forward,False,True,4,0.800
hip3_xyz_commodity_c0:feat_trend_strength_20:2:LONG:h16,PERP,feat_trend_strength_20,2,LONG,monitored,2026-09-15T07:12:33.280993+00:00,,0,0,0,0,,0.001443,1334,0.067229,16,3.500,validated_walk_forward,False,True,3,0.600
hip3_xyz_commodity_c0:feat_ret_1:0:LONG:h16,PERP,feat_ret_1,0,LONG,monitored,2026-09-15T07:12:33.280993+00:00,,0,0,0,0,,0.001070,1288,0.239601,16,3.500,validated_walk_forward,False,True,3,0.600
hip3_xyz_commodity_c0:feat_ret_20:0:LONG:h16,PERP,feat_ret_20,0,LONG,monitored,2026-09-15T07:12:33.280993+00:00,,0,0,0,0,,0.001052,1334,0.121114,16,3.500,validated_walk_forward,False,True,3,0.600
hip3_xyz_commodity_c0:feat_ext_vs_ma_20:0:LONG:h16,PERP,feat_ext_vs_ma_20,0,LONG,monitored,2026-09-15T07:12:33.280993+00:00,,0,0,0,0,,0.000990,1288,0.015828,16,3.500,validated_walk_forward,False,True,4,0.800
hip3_xyz_commodity_c0:feat_trend_slope_20:0:LONG:h16,PERP,feat_trend_slope_20,0,LONG,monitored,2026-09-15T07:12:33.280993+00:00,,0,0,0,0,,0.000943,1367,0.163723,16,3.500,validated_walk_forward,False,True,3,0.600
hip3_xyz_commodity_c0:feat_atr_norm_ext:2:LONG:h16,PERP,feat_atr_norm_ext,2,LONG,monitored,2026-09-15T07:12:33.280993+00:00,,0,0,0,0,,0.000938,1204,0.281072,16,3.500,validated_walk_forward,False,True,2,0.400
hip3_xyz_commodity_c0:feat_ext_vs_ma_10:2:LONG:h16,PERP,feat_ext_vs_ma_10,2,LONG,monitored,2026-09-15T07:12:33.280993+00:00,,0,0,0,0,,0.000917,1163,0.387376,16,3.500,validated_walk_forward,False,True,2,0.400
hip3_xyz_commodity_c0:feat_ext_vs_ma_50:0:LONG:h16,PERP,feat_ext_vs_ma_50,0,LONG,monitored,2026-09-15T07:12:33.280993+00:00,,0,0,0,0,,0.000835,1409,0.298219,16,3.500,validated_walk_forward,False,True,3,0.600
hip3_xyz_commodity_c0:feat_ret_vol:0:LONG:h16,PERP,feat_ret_vol,0,LONG,monitored,2026-09-15T07:12:33.280993+00:00,,0,0,0,0,,0.000735,1244,0.366389,16,3.500,validated_walk_forward,False,True,2,0.400
hip3_xyz_commodity_c0:feat_ext_vs_ma_20:2:LONG:h16,PERP,feat_ext_vs_ma_20,2,LONG,monitored,2026-09-15T07:12:33.280993+00:00,,0,0,0,0,,0.000626,1171,0.521187,16,3.500,validated_walk_forward,False,True,2,0.400
hip3_xyz_commodity_c0:feat_ret_5:0:LONG:h16,PERP,feat_ret_5,0,LONG,monitored,2026-09-15T07:12:33.280993+00:00,,0,0,0,0,,0.000557,1365,0.299394,16,3.500,validated_walk_forward,False,True,3,0.600
hip3_xyz_commodity_c0:feat_ret_3:0:LONG:h16,PERP,feat_ret_3,0,LONG,monitored,2026-09-15T07:12:33.280993+00:00,,0,0,0,0,,0.000528,1328,0.315919,16,3.500,validated_walk_forward,False,True,2,0.400
hip3_xyz_commodity_c0:feat_ret_5:2:LONG:h16,PERP,feat_ret_5,2,LONG,monitored,2026-09-15T07:12:33.280993+00:00,,0,0,0,0,,0.000467,1165,0.588336,16,3.500,validated_walk_forward,False,True,2,0.400
hip3_xyz_commodity_c0:feat_trend_slope_20:1:LONG:h16,PERP,feat_trend_slope_20,1,LONG,monitored,2026-09-15T07:12:33.280993+00:00,,0,0,0,0,,0.000441,1319,0.839765,16,3.500,validated_walk_forward,False,True,2,0.400
hip3_xyz_commodity_c0:feat_realized_vol_20:0:LONG:h16,PERP,feat_realized_vol_20,0,LONG,monitored,2026-09-15T07:12:33.280993+00:00,,0,0,0,0,,0.000401,1433,0.700202,16,3.500,validated_walk_forward,False,True,3,0.600
hip3_xyz_commodity_c0:feat_ret_10:1:LONG:h16,PERP,feat_ret_10,1,LONG,monitored,2026-09-15T07:12:33.280993+00:00,,0,0,0,0,,0.000398,1380,0.742207,16,3.500,validated_walk_forward,False,True,3,0.600
hip3_xyz_commodity_c0:feat_trend_strength_20:0:LONG:h16,PERP,feat_trend_strength_20,0,LONG,monitored,2026-09-15T07:12:33.280993+00:00,,0,0,0,0,,0.000365,1294,0.804644,16,3.500,validated_walk_forward,False,True,2,0.400
hip3_xyz_commodity_c0:feat_vol_trend:1:LONG:h16,PERP,feat_vol_trend,1,LONG,monitored,2026-09-15T07:12:33.280993+00:00,,0,0,0,0,,0.000333,1197,0.818201,16,3.500,validated_walk_forward,False,True,2,0.400
hip3_xyz_commodity_c0:feat_ret_10:2:LONG:h16,PERP,feat_ret_10,2,LONG,monitored,2026-09-15T07:12:33.280993+00:00,,0,0,0,0,,0.000297,1164,0.794575,16,3.500,validated_walk_forward,False,True,2,0.400
hip3_xyz_commodity_c0:feat_ret_3:2:LONG:h16,PERP,feat_ret_3,2,LONG,monitored,2026-09-15T07:12:33.280993+00:00,,0,0,0,0,,0.000266,1131,0.723323,16,3.500,validated_walk_forward,False,True,2,0.400
hip3_xyz_commodity_c0:feat_ret_20:1:LONG:h16,PERP,feat_ret_20,1,LONG,monitored,2026-09-15T07:12:33.280993+00:00,,0,0,0,0,,0.000264,1353,0.939480,16,3.500,validated_walk_forward,False,True,2,0.400
hip3_xyz_commodity_c0:feat_ext_strength:1:LONG:h16,PERP,feat_ext_strength,1,LONG,monitored,2026-09-15T07:12:33.280993+00:00,,0,0,0,0,,0.000247,1307,0.954379,16,3.500,validated_walk_forward,False,True,2,0.400
hip3_xyz_commodity_c0:feat_ret_vol:1:LONG:h16,PERP,feat_ret_vol,1,LONG,monitored,2026-09-15T07:12:33.280993+00:00,,0,0,0,0,,0.000240,1248,0.957720,16,3.500,validated_walk_forward,False,True,2,0.400
hip3_xyz_commodity_c0:feat_ret_3:1:LONG:h16,PERP,feat_ret_3,1,LONG,monitored,2026-09-15T07:12:33.280993+00:00,,0,0,0,0,,0.000123,1451,0.887970,16,3.500,validated_walk_forward,False,True,3,0.600
hip3_xyz_commodity_c0:feat_ext_vs_ma_50:1:LONG:h16,PERP,feat_ext_vs_ma_50,1,LONG,monitored,2026-09-15T07:12:33.280993+00:00,,0,0,0,0,,0.000033,1256,0.786764,16,3.500,validated_walk_forward,False,True,2,0.400
hip3_xyz_commodity_c0:feat_ret_5:1:LONG:h16,PERP,feat_ret_5,1,LONG,monitored,2026-09-15T07:12:33.280993+00:00,,0,0,0,0,,0.000004,1370,0.979173,16,3.500,validated_walk_forward,False,True,2,0.400
hip3_xyz_commodity_c0:feat_vol_regime:1:LONG:h17,PERP,feat_vol_regime,1,LONG,monitored,2026-09-15T07:12:33.280993+00:00,,0,0,0,0,,0.004508,993,0.000016,17,3.500,validated_walk_forward,False,True,4,0.800
hip3_xyz_commodity_c0:feat_realized_vol_20:1:LONG:h17,PERP,feat_realized_vol_20,1,LONG,monitored,2026-09-15T07:12:33.280993+00:00,,0,0,0,0,,0.002537,1087,0.096065,17,3.500,validated_walk_forward,False,True,4,0.800
hip3_xyz_commodity_c0:feat_trend_strength_20:2:LONG:h17,PERP,feat_trend_strength_20,2,LONG,monitored,2026-09-15T07:12:33.280993+00:00,,0,0,0,0,,0.001650,1330,0.031730,17,3.500,validated_walk_forward,False,True,3,0.600
hip3_xyz_commodity_c0:feat_ret_20:0:LONG:h17,PERP,feat_ret_20,0,LONG,monitored,2026-09-15T07:12:33.280993+00:00,,0,0,0,0,,0.001211,1332,0.092226,17,3.500,validated_walk_forward,False,True,3,0.600
hip3_xyz_commodity_c0:feat_ext_vs_ma_20:0:LONG:h17,PERP,feat_ext_vs_ma_20,0,LONG,monitored,2026-09-15T07:12:33.280993+00:00,,0,0,0,0,,0.001185,1286,0.014477,17,3.500,validated_walk_forward,False,True,4,0.800
hip3_xyz_commodity_c0:feat_ext_vs_ma_10:2:LONG:h17,PERP,feat_ext_vs_ma_10,2,LONG,monitored,2026-09-15T07:12:33.280993+00:00,,0,0,0,0,,0.001157,1163,0.334670,17,3.500,validated_walk_forward,False,True,2,0.400
hip3_xyz_commodity_c0:feat_atr_norm_ext:0:LONG:h17,PERP,feat_atr_norm_ext,0,LONG,monitored,2026-09-15T07:12:33.280993+00:00,,0,0,0,0,,0.001110,1342,0.006683,17,3.500,validated_walk_forward,False,True,4,0.800
hip3_xyz_commodity_c0:feat_trend_slope_20:0:LONG:h17,PERP,feat_trend_slope_20,0,LONG,monitored,2026-09-15T07:12:33.280993+00:00,,0,0,0,0,,0.001094,1365,0.142001,17,3.500,validated_walk_forward,False,True,3,0.600
hip3_xyz_commodity_c0:feat_ret_1:0:LONG:h17,PERP,feat_ret_1,0,LONG,monitored,2026-09-15T07:12:33.280993+00:00,,0,0,0,0,,0.001081,1286,0.241736,17,3.500,validated_walk_forward,False,True,3,0.600
hip3_xyz_commodity_c0:feat_atr_norm_ext:2:LONG:h17,PERP,feat_atr_norm_ext,2,LONG,monitored,2026-09-15T07:12:33.280993+00:00,,0,0,0,0,,0.001075,1203,0.284098,17,3.500,validated_walk_forward,False,True,2,0.400
hip3_xyz_commodity_c0:feat_ext_strength:0:LONG:h17,PERP,feat_ext_strength,0,LONG,monitored,2026-09-15T07:12:33.280993+00:00,,0,0,0,0,,0.001064,1326,0.006270,17,3.500,validated_walk_forward,False,True,4,0.800
hip3_xyz_commodity_c0:feat_ext_vs_ma_50:0:LONG:h17,PERP,feat_ext_vs_ma_50,0,LONG,monitored,2026-09-15T07:12:33.280993+00:00,,0,0,0,0,,0.000988,1407,0.247121,17,3.500,validated_walk_forward,False,True,3,0.600
hip3_xyz_commodity_c0:feat_vol_trend:0:LONG:h17,PERP,feat_vol_trend,0,LONG,monitored,2026-09-15T07:12:33.280993+00:00,,0,0,0,0,,0.000927,1267,0.241221,17,3.500,validated_walk_forward,False,True,4,0.800
hip3_xyz_commodity_c0:feat_ret_vol:0:LONG:h17,PERP,feat_ret_vol,0,LONG,monitored,2026-09-15T07:12:33.280993+00:00,,0,0,0,0,,0.000850,1242,0.320940,17,3.500,validated_walk_forward,False,True,2,0.400
hip3_xyz_commodity_c0:feat_ext_vs_ma_20:2:LONG:h17,PERP,feat_ext_vs_ma_20,2,LONG,monitored,2026-09-15T07:12:33.280993+00:00,,0,0,0,0,,0.000793,1168,0.506532,17,3.500,validated_walk_forward,False,True,3,0.600
hip3_xyz_commodity_c0:feat_ret_5:0:LONG:h17,PERP,feat_ret_5,0,LONG,monitored,2026-09-15T07:12:33.280993+00:00,,0,0,0,0,,0.000754,1364,0.200512,17,3.500,validated_walk_forward,False,True,4,0.800
hip3_xyz_commodity_c0:feat_ret_3:0:LONG:h17,PERP,feat_ret_3,0,LONG,monitored,2026-09-15T07:12:33.280993+00:00,,0,0,0,0,,0.000739,1327,0.176113,17,3.500,validated_walk_forward,False,True,3,0.600
hip3_xyz_commodity_c0:feat_ext_vs_ma_10:0:LONG:h17,PERP,feat_ext_vs_ma_10,0,LONG,monitored,2026-09-15T07:12:33.280993+00:00,,0,0,0,0,,0.000729,1358,0.185793,17,3.500,validated_walk_forward,False,True,4,0.800
hip3_xyz_commodity_c0:feat_ret_5:2:LONG:h17,PERP,feat_ret_5,2,LONG,monitored,2026-09-15T07:12:33.280993+00:00,,0,0,0,0,,0.000644,1162,0.514582,17,3.500,validated_walk_forward,False,True,2,0.400
hip3_xyz_commodity_c0:feat_trend_slope_20:1:LONG:h17,PERP,feat_trend_slope_20,1,LONG,monitored,2026-09-15T07:12:33.280993+00:00,,0,0,0,0,,0.000580,1319,0.790577,17,3.500,validated_walk_forward,False,True,2,0.400
hip3_xyz_commodity_c0:feat_realized_vol_20:0:LONG:h17,PERP,feat_realized_vol_20,0,LONG,monitored,2026-09-15T07:12:33.280993+00:00,,0,0,0,0,,0.000520,1432,0.633845,17,3.500,validated_walk_forward,False,True,3,0.600
hip3_xyz_commodity_c0:feat_vol_trend:1:LONG:h17,PERP,feat_vol_trend,1,LONG,monitored,2026-09-15T07:12:33.280993+00:00,,0,0,0,0,,0.000503,1197,0.741378,17,3.500,validated_walk_forward,False,True,2,0.400
hip3_xyz_commodity_c0:feat_ret_10:1:LONG:h17,PERP,feat_ret_10,1,LONG,monitored,2026-09-15T07:12:33.280993+00:00,,0,0,0,0,,0.000462,1380,0.724361,17,3.500,validated_walk_forward,False,True,3,0.600
hip3_xyz_commodity_c0:feat_ext_strength:2:LONG:h17,PERP,feat_ext_strength,2,LONG,monitored,2026-09-15T07:12:33.280993+00:00,,0,0,0,0,,0.000458,1192,0.701958,17,3.500,validated_walk_forward,False,True,2,0.400
hip3_xyz_commodity_c0:feat_vol_regime:0:LONG:h17,PERP,feat_vol_regime,0,LONG,monitored,2026-09-15T07:12:33.280993+00:00,,0,0,0,0,,0.000448,1236,0.530358,17,3.500,validated_walk_forward,False,True,3,0.600
hip3_xyz_commodity_c0:feat_trend_strength_20:0:LONG:h17,PERP,feat_trend_strength_20,0,LONG,monitored,2026-09-15T07:12:33.280993+00:00,,0,0,0,0,,0.000440,1294,0.780249,17,3.500,validated_walk_forward,False,True,2,0.400
hip3_xyz_commodity_c0:feat_ret_10:2:LONG:h17,PERP,feat_ret_10,2,LONG,monitored,2026-09-15T07:12:33.280993+00:00,,0,0,0,0,,0.000399,1161,0.754702,17,3.500,validated_walk_forward,False,True,2,0.400
hip3_xyz_commodity_c0:feat_ret_vol:1:LONG:h17,PERP,feat_ret_vol,1,LONG,monitored,2026-09-15T07:12:33.280993+00:00,,0,0,0,0,,0.000388,1248,0.884821,17,3.500,validated_walk_forward,False,True,2,0.400
hip3_xyz_commodity_c0:feat_ret_3:2:LONG:h17,PERP,feat_ret_3,2,LONG,monitored,2026-09-15T07:12:33.280993+00:00,,0,0,0,0,,0.000384,1129,0.648021,17,3.500,validated_walk_forward,False,True,2,0.400
hip3_xyz_commodity_c0:feat_ret_20:1:LONG:h17,PERP,feat_ret_20,1,LONG,monitored,2026-09-15T07:12:33.280993+00:00,,0,0,0,0,,0.000364,1353,0.898354,17,3.500,validated_walk_forward,False,True,2,0.400
hip3_xyz_commodity_c0:feat_ext_strength:1:LONG:h17,PERP,feat_ext_strength,1,LONG,monitored,2026-09-15T07:12:33.280993+00:00,,0,0,0,0,,0.000363,1307,0.902569,17,3.500,validated_walk_forward,False,True,2,0.400
hip3_xyz_commodity_c0:feat_ext_vs_ma_50:1:LONG:h17,PERP,feat_ext_vs_ma_50,1,LONG,monitored,2026-09-15T07:12:33.280993+00:00,,0,0,0,0,,0.000234,1256,0.895172,17,3.500,validated_walk_forward,False,True,2,0.400
hip3_xyz_commodity_c0:feat_ret_1:1:LONG:h17,PERP,feat_ret_1,1,LONG,monitored,2026-09-15T07:12:33.280993+00:00,,0,0,0,0,,0.000233,1456,0.731537,17,3.500,validated_walk_forward,False,True,2,0.400
hip3_xyz_commodity_c0:feat_ret_3:1:LONG:h17,PERP,feat_ret_3,1,LONG,monitored,2026-09-15T07:12:33.280993+00:00,,0,0,0,0,,0.000210,1449,0.829628,17,3.500,validated_walk_forward,False,True,3,0.600
hip3_xyz_commodity_c0:feat_ret_5:1:LONG:h17,PERP,feat_ret_5,1,LONG,monitored,2026-09-15T07:12:33.280993+00:00,,0,0,0,0,,0.000067,1369,0.953685,17,3.500,validated_walk_forward,False,True,2,0.400
hip3_xyz_commodity_c0:feat_vol_regime:1:LONG:h18,PERP,feat_vol_regime,1,LONG,monitored,2026-09-15T07:12:33.280993+00:00,,0,0,0,0,,0.004769,993,0.000033,18,3.500,validated_walk_forward,False,True,4,0.800
hip3_xyz_commodity_c0:feat_realized_vol_20:1:LONG:h18,PERP,feat_realized_vol_20,1,LONG,monitored,2026-09-15T07:12:33.280993+00:00,,0,0,0,0,,0.002569,1085,0.103792,18,3.500,validated_walk_forward,False,True,4,0.800
hip3_xyz_commodity_c0:feat_trend_strength_20:2:LONG:h18,PERP,feat_trend_strength_20,2,LONG,monitored,2026-09-15T07:12:33.280993+00:00,,0,0,0,0,,0.001929,1326,0.007593,18,3.500,validated_walk_forward,False,True,4,0.800
hip3_xyz_commodity_c0:feat_ext_vs_ma_20:0:LONG:h18,PERP,feat_ext_vs_ma_20,0,LONG,monitored,2026-09-15T07:12:33.280993+00:00,,0,0,0,0,,0.001372,1284,0.014032,18,3.500,validated_walk_forward,False,True,4,0.800
hip3_xyz_commodity_c0:feat_atr_norm_ext:0:LONG:h18,PERP,feat_atr_norm_ext,0,LONG,monitored,2026-09-15T07:12:33.280993+00:00,,0,0,0,0,,0.001325,1340,0.005608,18,3.500,validated_walk_forward,False,True,4,0.800
hip3_xyz_commodity_c0:feat_trend_slope_20:0:LONG:h18,PERP,feat_trend_slope_20,0,LONG,monitored,2026-09-15T07:12:33.280993+00:00,,0,0,0,0,,0.001324,1363,0.085015,18,3.500,validated_walk_forward,False,True,3,0.600
hip3_xyz_commodity_c0:feat_ret_20:0:LONG:h18,PERP,feat_ret_20,0,LONG,monitored,2026-09-15T07:12:33.280993+00:00,,0,0,0,0,,0.001295,1330,0.068211,18,3.500,validated_walk_forward,False,True,3,0.600
hip3_xyz_commodity_c0:feat_ret_1:0:LONG:h18,PERP,feat_ret_1,0,LONG,monitored,2026-09-15T07:12:33.280993+00:00,,0,0,0,0,,0.001288,1286,0.176256,18,3.500,validated_walk_forward,False,True,3,0.600
hip3_xyz_commodity_c0:feat_ext_strength:0:LONG:h18,PERP,feat_ext_strength,0,LONG,monitored,2026-09-15T07:12:33.280993+00:00,,0,0,0,0,,0.001256,1324,0.005660,18,3.500,validated_walk_forward,False,True,4,0.800
hip3_xyz_commodity_c0:feat_atr_norm_ext:2:LONG:h18,PERP,feat_atr_norm_ext,2,LONG,monitored,2026-09-15T07:12:33.280993+00:00,,0,0,0,0,,0.001221,1200,0.290616,18,3.500,validated_walk_forward,False,True,2,0.400
hip3_xyz_commodity_c0:feat_ext_vs_ma_50:0:LONG:h18,PERP,feat_ext_vs_ma_50,0,LONG,monitored,2026-09-15T07:12:33.280993+00:00,,0,0,0,0,,0.001208,1405,0.171209,18,3.500,validated_walk_forward,False,True,4,0.800
hip3_xyz_commodity_c0:feat_ext_vs_ma_10:2:LONG:h18,PERP,feat_ext_vs_ma_10,2,LONG,monitored,2026-09-15T07:12:33.280993+00:00,,0,0,0,0,,0.001197,1161,0.352052,18,3.500,validated_walk_forward,False,True,2,0.400
hip3_xyz_commodity_c0:feat_ret_10:0:LONG:h18,PERP,feat_ret_10,0,LONG,monitored,2026-09-15T07:12:33.280993+00:00,,0,0,0,0,,0.001151,1327,0.012815,18,3.500,validated_walk_forward,False,True,4,0.800
hip3_xyz_commodity_c0:feat_vol_trend:0:LONG:h18,PERP,feat_vol_trend,0,LONG,monitored,2026-09-15T07:12:33.280993+00:00,,0,0,0,0,,0.001126,1265,0.167833,18,3.500,validated_walk_forward,False,True,4,0.800
hip3_xyz_commodity_c0:feat_ext_vs_ma_10:0:LONG:h18,PERP,feat_ext_vs_ma_10,0,LONG,monitored,2026-09-15T07:12:33.280993+00:00,,0,0,0,0,,0.000995,1356,0.095495,18,3.500,validated_walk_forward,False,True,4,0.800
hip3_xyz_commodity_c0:feat_ret_3:0:LONG:h18,PERP,feat_ret_3,0,LONG,monitored,2026-09-15T07:12:33.280993+00:00,,0,0,0,0,,0.000970,1325,0.091417,18,3.500,validated_walk_forward,False,True,4,0.800
hip3_xyz_commodity_c0:feat_ret_5:0:LONG:h18,PERP,feat_ret_5,0,LONG,monitored,2026-09-15T07:12:33.280993+00:00,,0,0,0,0,,0.000944,1361,0.144903,18,3.500,validated_walk_forward,False,True,4,0.800
hip3_xyz_commodity_c0:feat_ret_vol:0:LONG:h18,PERP,feat_ret_vol,0,LONG,monitored,2026-09-15T07:12:33.280993+00:00,,0,0,0,0,,0.000932,1240,0.264791,18,3.500,validated_walk_forward,False,True,2,0.400
hip3_xyz_commodity_c0:feat_ext_vs_ma_20:2:LONG:h18,PERP,feat_ext_vs_ma_20,2,LONG,monitored,2026-09-15T07:12:33.280993+00:00,,0,0,0,0,,0.000912,1165,0.504195,18,3.500,validated_walk_forward,False,True,2,0.400
hip3_xyz_commodity_c0:feat_ret_5:2:LONG:h18,PERP,feat_ret_5,2,LONG,monitored,2026-09-15T07:12:33.280993+00:00,,0,0,0,0,,0.000738,1160,0.482004,18,3.500,validated_walk_forward,False,True,2,0.400
hip3_xyz_commodity_c0:feat_trend_slope_20:1:LONG:h18,PERP,feat_trend_slope_20,1,LONG,monitored,2026-09-15T07:12:33.280993+00:00,,0,0,0,0,,0.000660,1319,0.766113,18,3.500,validated_walk_forward,False,True,2,0.400
hip3_xyz_commodity_c0:feat_realized_vol_20:0:LONG:h18,PERP,feat_realized_vol_20,0,LONG,monitored,2026-09-15T07:12:33.280993+00:00,,0,0,0,0,,0.000638,1431,0.573031,18,3.500,validated_walk_forward,False,True,3,0.600
hip3_xyz_commodity_c0:feat_vol_trend:1:LONG:h18,PERP,feat_vol_trend,1,LONG,monitored,2026-09-15T07:12:33.280993+00:00,,0,0,0,0,,0.000635,1197,0.688473,18,3.500,validated_walk_forward,False,True,2,0.400
hip3_xyz_commodity_c0:feat_vol_regime:0:LONG:h18,PERP,feat_vol_regime,0,LONG,monitored,2026-09-15T07:12:33.280993+00:00,,0,0,0,0,,0.000574,1236,0.432859,18,3.500,validated_walk_forward,False,True,3,0.600
hip3_xyz_commodity_c0:feat_ret_10:1:LONG:h18,PERP,feat_ret_10,1,LONG,monitored,2026-09-15T07:12:33.280993+00:00,,0,0,0,0,,0.000573,1379,0.686768,18,3.500,validated_walk_forward,False,True,3,0.600
hip3_xyz_commodity_c0:feat_ret_vol:1:LONG:h18,PERP,feat_ret_vol,1,LONG,monitored,2026-09-15T07:12:33.280993+00:00,,0,0,0,0,,0.000573,1248,0.799376,18,3.500,validated_walk_forward,False,True,2,0.400
hip3_xyz_commodity_c0:feat_ret_20:1:LONG:h18,PERP,feat_ret_20,1,LONG,monitored,2026-09-15T07:12:33.280993+00:00,,0,0,0,0,,0.000538,1353,0.823704,18,3.500,validated_walk_forward,False,True,2,0.400
hip3_xyz_commodity_c0:feat_ext_strength:2:LONG:h18,PERP,feat_ext_strength,2,LONG,monitored,2026-09-15T07:12:33.280993+00:00,,0,0,0,0,,0.000530,1189,0.693784,18,3.500,validated_walk_forward,False,True,2,0.400
hip3_xyz_commodity_c0:feat_ext_strength:1:LONG:h18,PERP,feat_ext_strength,1,LONG,monitored,2026-09-15T07:12:33.280993+00:00,,0,0,0,0,,0.000525,1307,0.831742,18,3.500,validated_walk_forward,False,True,2,0.400
hip3_xyz_commodity_c0:feat_trend_strength_20:0:LONG:h18,PERP,feat_trend_strength_20,0,LONG,monitored,2026-09-15T07:12:33.280993+00:00,,0,0,0,0,,0.000509,1294,0.762340,18,3.500,validated_walk_forward,False,True,2,0.400
hip3_xyz_commodity_c0:feat_ret_3:2:LONG:h18,PERP,feat_ret_3,2,LONG,monitored,2026-09-15T07:12:33.280993+00:00,,0,0,0,0,,0.000467,1127,0.585527,18,3.500,validated_walk_forward,False,True,2,0.400
hip3_xyz_commodity_c0:feat_ret_1:1:LONG:h18,PERP,feat_ret_1,1,LONG,monitored,2026-09-15T07:12:33.280993+00:00,,0,0,0,0,,0.000416,1455,0.560330,18,3.500,validated_walk_forward,False,True,2,0.400
hip3_xyz_commodity_c0:feat_ret_10:2:LONG:h18,PERP,feat_ret_10,2,LONG,monitored,2026-09-15T07:12:33.280993+00:00,,0,0,0,0,,0.000415,1159,0.777008,18,3.500,validated_walk_forward,False,True,2,0.400
hip3_xyz_commodity_c0:feat_ext_vs_ma_50:1:LONG:h18,PERP,feat_ext_vs_ma_50,1,LONG,monitored,2026-09-15T07:12:33.280993+00:00,,0,0,0,0,,0.000379,1256,0.968770,18,3.500,validated_walk_forward,False,True,2,0.400
hip3_xyz_commodity_c0:feat_ret_3:1:LONG:h18,PERP,feat_ret_3,1,LONG,monitored,2026-09-15T07:12:33.280993+00:00,,0,0,0,0,,0.000315,1448,0.779730,18,3.500,validated_walk_forward,False,True,3,0.600
hip3_xyz_commodity_c0:feat_ret_5:1:LONG:h18,PERP,feat_ret_5,1,LONG,monitored,2026-09-15T07:12:33.280993+00:00,,0,0,0,0,,0.000205,1369,0.831762,18,3.500,validated_walk_forward,False,True,3,0.600
hip3_xyz_commodity_c0:feat_ext_vs_ma_20:1:LONG:h18,PERP,feat_ext_vs_ma_20,1,LONG,monitored,2026-09-15T07:12:33.280993+00:00,,0,0,0,0,,0.000113,1371,0.988233,18,3.500,validated_walk_forward,False,True,2,0.400
hip3_xyz_commodity_c0:feat_vol_regime:1:LONG:h19,PERP,feat_vol_regime,1,LONG,monitored,2026-09-15T07:12:33.280993+00:00,,0,0,0,0,,0.005038,993,0.000039,19,3.500,validated_walk_forward,False,True,4,0.800
hip3_xyz_commodity_c0:feat_realized_vol_20:1:LONG:h19,PERP,feat_realized_vol_20,1,LONG,monitored,2026-09-15T07:12:33.280993+00:00,,0,0,0,0,,0.002688,1083,0.104364,19,3.500,validated_walk_forward,False,True,4,0.800
hip3_xyz_commodity_c0:feat_trend_strength_20:2:LONG:h19,PERP,feat_trend_strength_20,2,LONG,monitored,2026-09-15T07:12:33.280993+00:00,,0,0,0,0,,0.002085,1322,0.004092,19,3.500,validated_walk_forward,False,True,4,0.800
hip3_xyz_commodity_c0:feat_ext_vs_ma_20:0:LONG:h19,PERP,feat_ext_vs_ma_20,0,LONG,monitored,2026-09-15T07:12:33.280993+00:00,,0,0,0,0,,0.001544,1282,0.008975,19,3.500,validated_walk_forward,False,True,4,0.800
hip3_xyz_commodity_c0:feat_trend_slope_20:0:LONG:h19,PERP,feat_trend_slope_20,0,LONG,monitored,2026-09-15T07:12:33.280993+00:00,,0,0,0,0,,0.001535,1361,0.050275,19,3.500,validated_walk_forward,False,True,3,0.600
hip3_xyz_commodity_c0:feat_atr_norm_ext:0:LONG:h19,PERP,feat_atr_norm_ext,0,LONG,monitored,2026-09-15T07:12:33.280993+00:00,,0,0,0,0,,0.001510,1338,0.003136,19,3.500,validated_walk_forward,False,True,4,0.800
hip3_xyz_commodity_c0:feat_ret_20:0:LONG:h19,PERP,feat_ret_20,0,LONG,monitored,2026-09-15T07:12:33.280993+00:00,,0,0,0,0,,0.001461,1328,0.035509,19,3.500,validated_walk_forward,False,True,4,0.800
hip3_xyz_commodity_c0:feat_ext_strength:0:LONG:h19,PERP,feat_ext_strength,0,LONG,monitored,2026-09-15T07:12:33.280993+00:00,,0,0,0,0,,0.001427,1322,0.003665,19,3.500,validated_walk_forward,False,True,4,0.800
hip3_xyz_commodity_c0:feat_ext_vs_ma_50:0:LONG:h19,PERP,feat_ext_vs_ma_50,0,LONG,monitored,2026-09-15T07:12:33.280993+00:00,,0,0,0,0,,0.001421,1403,0.109349,19,3.500,validated_walk_forward,False,True,4,0.800
hip3_xyz_commodity_c0:feat_ret_10:0:LONG:h19,PERP,feat_ret_10,0,LONG,monitored,2026-09-15T07:12:33.280993+00:00,,0,0,0,0,,0.001402,1325,0.003463,19,3.500,validated_walk_forward,False,True,4,0.800
hip3_xyz_commodity_c0:feat_ret_1:0:LONG:h19,PERP,feat_ret_1,0,LONG,monitored,2026-09-15T07:12:33.280993+00:00,,0,0,0,0,,0.001371,1283,0.149185,19,3.500,validated_walk_forward,False,True,3,0.600
hip3_xyz_commodity_c0:feat_vol_trend:0:LONG:h19,PERP,feat_vol_trend,0,LONG,monitored,2026-09-15T07:12:33.280993+00:00,,0,0,0,0,,0.001333,1263,0.117265,19,3.500,validated_walk_forward,False,True,3,0.600
hip3_xyz_commodity_c0:feat_ext_vs_ma_10:0:LONG:h19,PERP,feat_ext_vs_ma_10,0,LONG,monitored,2026-09-15T07:12:33.280993+00:00,,0,0,0,0,,0.001298,1353,0.051615,19,3.500,validated_walk_forward,False,True,4,0.800
hip3_xyz_commodity_c0:feat_atr_norm_ext:2:LONG:h19,PERP,feat_atr_norm_ext,2,LONG,monitored,2026-09-15T07:12:33.280993+00:00,,0,0,0,0,,0.001234,1198,0.325422,19,3.500,validated_walk_forward,False,True,3,0.600
hip3_xyz_commodity_c0:feat_ret_3:0:LONG:h19,PERP,feat_ret_3,0,LONG,monitored,2026-09-15T07:12:33.280993+00:00,,0,0,0,0,,0.001129,1323,0.077814,19,3.500,validated_walk_forward,False,True,4,0.800
hip3_xyz_commodity_c0:feat_ret_5:0:LONG:h19,PERP,feat_ret_5,0,LONG,monitored,2026-09-15T07:12:33.280993+00:00,,0,0,0,0,,0.001123,1358,0.127164,19,3.500,validated_walk_forward,False,True,4,0.800
hip3_xyz_commodity_c0:feat_ret_vol:0:LONG:h19,PERP,feat_ret_vol,0,LONG,monitored,2026-09-15T07:12:33.280993+00:00,,0,0,0,0,,0.001109,1238,0.173893,19,3.500,validated_walk_forward,False,True,3,0.600
hip3_xyz_commodity_c0:feat_ext_vs_ma_10:2:LONG:h19,PERP,feat_ext_vs_ma_10,2,LONG,monitored,2026-09-15T07:12:33.280993+00:00,,0,0,0,0,,0.001096,1159,0.395597,19,3.500,validated_walk_forward,False,True,2,0.400
hip3_xyz_commodity_c0:feat_ext_vs_ma_20:2:LONG:h19,PERP,feat_ext_vs_ma_20,2,LONG,monitored,2026-09-15T07:12:33.280993+00:00,,0,0,0,0,,0.000946,1163,0.516206,19,3.500,validated_walk_forward,False,True,2,0.400
hip3_xyz_commodity_c0:feat_realized_vol_20:0:LONG:h19,PERP,feat_realized_vol_20,0,LONG,monitored,2026-09-15T07:12:33.280993+00:00,,0,0,0,0,,0.000690,1430,0.560969,19,3.500,validated_walk_forward,False,True,3,0.600
hip3_xyz_commodity_c0:feat_vol_trend:1:LONG:h19,PERP,feat_vol_trend,1,LONG,monitored,2026-09-15T07:12:33.280993+00:00,,0,0,0,0,,0.000686,1197,0.685249,19,3.500,validated_walk_forward,False,True,2,0.400
hip3_xyz_commodity_c0:feat_trend_slope_20:1:LONG:h19,PERP,feat_trend_slope_20,1,LONG,monitored,2026-09-15T07:12:33.280993+00:00,,0,0,0,0,,0.000674,1319,0.776497,19,3.500,validated_walk_forward,False,True,2,0.400
hip3_xyz_commodity_c0:feat_ret_vol:1:LONG:h19,PERP,feat_ret_vol,1,LONG,monitored,2026-09-15T07:12:33.280993+00:00,,0,0,0,0,,0.000655,1248,0.771207,19,3.500,validated_walk_forward,False,True,2,0.400
hip3_xyz_commodity_c0:feat_ret_5:2:LONG:h19,PERP,feat_ret_5,2,LONG,monitored,2026-09-15T07:12:33.280993+00:00,,0,0,0,0,,0.000652,1158,0.506244,19,3.500,validated_walk_forward,False,True,2,0.400
hip3_xyz_commodity_c0:feat_vol_regime:0:LONG:h19,PERP,feat_vol_regime,0,LONG,monitored,2026-09-15T07:12:33.280993+00:00,,0,0,0,0,,0.000645,1236,0.400504,19,3.500,validated_walk_forward,False,True,3,0.600
hip3_xyz_commodity_c0:feat_trend_strength_20:0:LONG:h19,PERP,feat_trend_strength_20,0,LONG,monitored,2026-09-15T07:12:33.280993+00:00,,0,0,0,0,,0.000571,1294,0.749235,19,3.500,validated_walk_forward,False,True,2,0.400
hip3_xyz_commodity_c0:feat_ret_10:1:LONG:h19,PERP,feat_ret_10,1,LONG,monitored,2026-09-15T07:12:33.280993+00:00,,0,0,0,0,,0.000567,1378,0.695706,19,3.500,validated_walk_forward,False,True,3,0.600
hip3_xyz_commodity_c0:feat_ret_20:1:LONG:h19,PERP,feat_ret_20,1,LONG,monitored,2026-09-15T07:12:33.280993+00:00,,0,0,0,0,,0.000565,1353,0.818324,19,3.500,validated_walk_forward,False,True,2,0.400
hip3_xyz_commodity_c0:feat_ext_strength:1:LONG:h19,PERP,feat_ext_strength,1,LONG,monitored,2026-09-15T07:12:33.280993+00:00,,0,0,0,0,,0.000565,1307,0.823898,19,3.500,validated_walk_forward,False,True,2,0.400
hip3_xyz_commodity_c0:feat_ret_1:1:LONG:h19,PERP,feat_ret_1,1,LONG,monitored,2026-09-15T07:12:33.280993+00:00,,0,0,0,0,,0.000516,1455,0.507564,19,3.500,validated_walk_forward,False,True,2,0.400
hip3_xyz_commodity_c0:feat_ext_vs_ma_50:1:LONG:h19,PERP,feat_ext_vs_ma_50,1,LONG,monitored,2026-09-15T07:12:33.280993+00:00,,0,0,0,0,,0.000494,1256,0.978308,19,3.500,validated_walk_forward,False,True,2,0.400
hip3_xyz_commodity_c0:feat_ret_3:2:LONG:h19,PERP,feat_ret_3,2,LONG,monitored,2026-09-15T07:12:33.280993+00:00,,0,0,0,0,,0.000491,1125,0.554610,19,3.500,validated_walk_forward,False,True,2,0.400
hip3_xyz_commodity_c0:feat_ret_10:2:LONG:h19,PERP,feat_ret_10,2,LONG,monitored,2026-09-15T07:12:33.280993+00:00,,0,0,0,0,,0.000468,1157,0.767048,19,3.500,validated_walk_forward,False,True,2,0.400
hip3_xyz_commodity_c0:feat_ret_3:1:LONG:h19,PERP,feat_ret_3,1,LONG,monitored,2026-09-15T07:12:33.280993+00:00,,0,0,0,0,,0.000409,1447,0.730804,19,3.500,validated_walk_forward,False,True,3,0.600
hip3_xyz_commodity_c0:feat_ret_5:1:LONG:h19,PERP,feat_ret_5,1,LONG,monitored,2026-09-15T07:12:33.280993+00:00,,0,0,0,0,,0.000373,1369,0.703551,19,3.500,validated_walk_forward,False,True,3,0.600
hip3_xyz_commodity_c0:feat_ext_vs_ma_20:1:LONG:h19,PERP,feat_ext_vs_ma_20,1,LONG,monitored,2026-09-15T07:12:33.280993+00:00,,0,0,0,0,,0.000183,1370,0.977644,19,3.500,validated_walk_forward,False,True,2,0.400
hip3_xyz_commodity_c0:feat_ext_vs_ma_10:1:LONG:h19,PERP,feat_ext_vs_ma_10,1,LONG,monitored,2026-09-15T07:12:33.280993+00:00,,0,0,0,0,,0.000068,1353,0.973453,19,3.500,validated_walk_forward,False,True,3,0.600
hip3_xyz_commodity_c0:feat_vol_regime:1:LONG:h20,PERP,feat_vol_regime,1,LONG,monitored,2026-09-15T07:12:33.280993+00:00,,0,0,0,0,,0.005313,993,0.000032,20,3.500,validated_walk_forward,False,True,4,0.800
hip3_xyz_commodity_c0:feat_realized_vol_20:1:LONG:h20,PERP,feat_realized_vol_20,1,LONG,monitored,2026-09-15T07:12:33.280993+00:00,,0,0,0,0,,0.002788,1081,0.105666,20,3.500,validated_walk_forward,False,True,4,0.800
hip3_xyz_commodity_c0:feat_trend_strength_20:2:LONG:h20,PERP,feat_trend_strength_20,2,LONG,monitored,2026-09-15T07:12:33.280993+00:00,,0,0,0,0,,0.002400,1318,0.000146,20,3.500,validated_walk_forward,False,True,4,0.800
hip3_xyz_commodity_c0:feat_ext_vs_ma_20:0:LONG:h20,PERP,feat_ext_vs_ma_20,0,LONG,monitored,2026-09-15T07:12:33.280993+00:00,,0,0,0,0,,0.001787,1280,0.004349,20,3.500,validated_walk_forward,False,True,4,0.800
hip3_xyz_commodity_c0:feat_trend_slope_20:0:LONG:h20,PERP,feat_trend_slope_20,0,LONG,monitored,2026-09-15T07:12:33.280993+00:00,,0,0,0,0,,0.001738,1359,0.029149,20,3.500,validated_walk_forward,False,True,3,0.600
hip3_xyz_commodity_c0:feat_atr_norm_ext:0:LONG:h20,PERP,feat_atr_norm_ext,0,LONG,monitored,2026-09-15T07:12:33.280993+00:00,,0,0,0,0,,0.001711,1336,0.001610,20,3.500,validated_walk_forward,False,True,4,0.800
hip3_xyz_commodity_c0:feat_ext_strength:0:LONG:h20,PERP,feat_ext_strength,0,LONG,monitored,2026-09-15T07:12:33.280993+00:00,,0,0,0,0,,0.001664,1320,0.001024,20,3.500,validated_walk_forward,False,True,4,0.800
hip3_xyz_commodity_c0:feat_ret_10:0:LONG:h20,PERP,feat_ret_10,0,LONG,monitored,2026-09-15T07:12:33.280993+00:00,,0,0,0,0,,0.001660,1323,0.001328,20,3.500,validated_walk_forward,False,True,4,0.800
hip3_xyz_commodity_c0:feat_ret_20:0:LONG:h20,PERP,feat_ret_20,0,LONG,monitored,2026-09-15T07:12:33.280993+00:00,,0,0,0,0,,0.001612,1326,0.016369,20,3.500,validated_walk_forward,False,True,4,0.800
hip3_xyz_commodity_c0:feat_ext_vs_ma_50:0:LONG:h20,PERP,feat_ext_vs_ma_50,0,LONG,monitored,2026-09-15T07:12:33.280993+00:00,,0,0,0,0,,0.001609,1401,0.074789,20,3.500,validated_walk_forward,False,True,4,0.800
hip3_xyz_commodity_c0:feat_vol_trend:0:LONG:h20,PERP,feat_vol_trend,0,LONG,monitored,2026-09-15T07:12:33.280993+00:00,,0,0,0,0,,0.001531,1261,0.076418,20,3.500,validated_walk_forward,False,True,3,0.600
hip3_xyz_commodity_c0:feat_ext_vs_ma_10:0:LONG:h20,PERP,feat_ext_vs_ma_10,0,LONG,monitored,2026-09-15T07:12:33.280993+00:00,,0,0,0,0,,0.001511,1351,0.035180,20,3.500,validated_walk_forward,False,True,4,0.800
hip3_xyz_commodity_c0:feat_ret_1:0:LONG:h20,PERP,feat_ret_1,0,LONG,monitored,2026-09-15T07:12:33.280993+00:00,,0,0,0,0,,0.001488,1281,0.174719,20,3.500,validated_walk_forward,False,True,3,0.600
hip3_xyz_commodity_c0:feat_atr_norm_ext:2:LONG:h20,PERP,feat_atr_norm_ext,2,LONG,monitored,2026-09-15T07:12:33.280993+00:00,,0,0,0,0,,0.001375,1195,0.323517,20,3.500,validated_walk_forward,False,True,2,0.400
hip3_xyz_commodity_c0:feat_ret_5:0:LONG:h20,PERP,feat_ret_5,0,LONG,monitored,2026-09-15T07:12:33.280993+00:00,,0,0,0,0,,0.001343,1356,0.094293,20,3.500,validated_walk_forward,False,True,4,0.800
hip3_xyz_commodity_c0:feat_ret_vol:0:LONG:h20,PERP,feat_ret_vol,0,LONG,monitored,2026-09-15T07:12:33.280993+00:00,,0,0,0,0,,0.001284,1236,0.105512,20,3.500,validated_walk_forward,False,True,3,0.600
hip3_xyz_commodity_c0:feat_ext_vs_ma_10:2:LONG:h20,PERP,feat_ext_vs_ma_10,2,LONG,monitored,2026-09-15T07:12:33.280993+00:00,,0,0,0,0,,0.001234,1157,0.372909,20,3.500,validated_walk_forward,False,True,2,0.400
hip3_xyz_commodity_c0:feat_ret_3:0:LONG:h20,PERP,feat_ret_3,0,LONG,monitored,2026-09-15T07:12:33.280993+00:00,,0,0,0,0,,0.001215,1319,0.081977,20,3.500,validated_walk_forward,False,True,4,0.800
hip3_xyz_commodity_c0:feat_ext_vs_ma_20:2:LONG:h20,PERP,feat_ext_vs_ma_20,2,LONG,monitored,2026-09-15T07:12:33.280993+00:00,,0,0,0,0,,0.001024,1160,0.523142,20,3.500,validated_walk_forward,False,True,2,0.400
hip3_xyz_commodity_c0:feat_ext_strength:2:LONG:h20,PERP,feat_ext_strength,2,LONG,monitored,2026-09-15T07:12:33.280993+00:00,,0,0,0,0,,0.000760,1183,0.625591,20,3.500,validated_walk_forward,False,True,2,0.400
hip3_xyz_commodity_c0:feat_vol_trend:1:LONG:h20,PERP,feat_vol_trend,1,LONG,monitored,2026-09-15T07:12:33.280993+00:00,,0,0,0,0,,0.000749,1197,0.672385,20,3.500,validated_walk_forward,False,True,2,0.400
hip3_xyz_commodity_c0:feat_realized_vol_20:0:LONG:h20,PERP,feat_realized_vol_20,0,LONG,monitored,2026-09-15T07:12:33.280993+00:00,,0,0,0,0,,0.000747,1429,0.545181,20,3.500,validated_walk_forward,False,True,3,0.600
hip3_xyz_commodity_c0:feat_vol_regime:0:LONG:h20,PERP,feat_vol_regime,0,LONG,monitored,2026-09-15T07:12:33.280993+00:00,,0,0,0,0,,0.000733,1236,0.374414,20,3.500,validated_walk_forward,False,True,3,0.600
hip3_xyz_commodity_c0:feat_ret_vol:1:LONG:h20,PERP,feat_ret_vol,1,LONG,monitored,2026-09-15T07:12:33.280993+00:00,,0,0,0,0,,0.000709,1248,0.756259,20,3.500,validated_walk_forward,False,True,2,0.400
hip3_xyz_commodity_c0:feat_ret_5:2:LONG:h20,PERP,feat_ret_5,2,LONG,monitored,2026-09-15T07:12:33.280993+00:00,,0,0,0,0,,0.000693,1156,0.531429,20,3.500,validated_walk_forward,False,True,2,0.400
hip3_xyz_commodity_c0:feat_trend_slope_20:1:LONG:h20,PERP,feat_trend_slope_20,1,LONG,monitored,2026-09-15T07:12:33.280993+00:00,,0,0,0,0,,0.000673,1319,0.785586,20,3.500,validated_walk_forward,False,True,2,0.400
hip3_xyz_commodity_c0:feat_ret_1:1:LONG:h20,PERP,feat_ret_1,1,LONG,monitored,2026-09-15T07:12:33.280993+00:00,,0,0,0,0,,0.000645,1455,0.427642,20,3.500,validated_walk_forward,False,True,2,0.400
hip3_xyz_commodity_c0:feat_ext_vs_ma_50:1:LONG:h20,PERP,feat_ext_vs_ma_50,1,LONG,monitored,2026-09-15T07:12:33.280993+00:00,,0,0,0,0,,0.000625,1256,0.928005,20,3.500,validated_walk_forward,False,True,2,0.400
hip3_xyz_commodity_c0:feat_ret_20:1:LONG:h20,PERP,feat_ret_20,1,LONG,monitored,2026-09-15T07:12:33.280993+00:00,,0,0,0,0,,0.000609,1353,0.810411,20,3.500,validated_walk_forward,False,True,2,0.400
hip3_xyz_commodity_c0:feat_ret_3:2:LONG:h20,PERP,feat_ret_3,2,LONG,monitored,2026-09-15T07:12:33.280993+00:00,,0,0,0,0,,0.000608,1125,0.508765,20,3.500,validated_walk_forward,False,True,2,0.400
hip3_xyz_commodity_c0:feat_trend_strength_20:0:LONG:h20,PERP,feat_trend_strength_20,0,LONG,monitored,2026-09-15T07:12:33.280993+00:00,,0,0,0,0,,0.000601,1294,0.748571,20,3.500,validated_walk_forward,False,True,2,0.400
hip3_xyz_commodity_c0:feat_ret_10:1:LONG:h20,PERP,feat_ret_10,1,LONG,monitored,2026-09-15T07:12:33.280993+00:00,,0,0,0,0,,0.000601,1377,0.686980,20,3.500,validated_walk_forward,False,True,3,0.600
hip3_xyz_commodity_c0:feat_ret_3:1:LONG:h20,PERP,feat_ret_3,1,LONG,monitored,2026-09-15T07:12:33.280993+00:00,,0,0,0,0,,0.000592,1446,0.634436,20,3.500,validated_walk_forward,False,True,3,0.600
hip3_xyz_commodity_c0:feat_ret_10:2:LONG:h20,PERP,feat_ret_10,2,LONG,monitored,2026-09-15T07:12:33.280993+00:00,,0,0,0,0,,0.000575,1155,0.740559,20,3.500,validated_walk_forward,False,True,2,0.400
hip3_xyz_commodity_c0:feat_ext_strength:1:LONG:h20,PERP,feat_ext_strength,1,LONG,monitored,2026-09-15T07:12:33.280993+00:00,,0,0,0,0,,0.000548,1307,0.839835,20,3.500,validated_walk_forward,False,True,2,0.400
hip3_xyz_commodity_c0:feat_ret_5:1:LONG:h20,PERP,feat_ret_5,1,LONG,monitored,2026-09-15T07:12:33.280993+00:00,,0,0,0,0,,0.000490,1368,0.630477,20,3.500,validated_walk_forward,False,True,3,0.600
hip3_xyz_commodity_c0:feat_ext_vs_ma_20:1:LONG:h20,PERP,feat_ext_vs_ma_20,1,LONG,monitored,2026-09-15T07:12:33.280993+00:00,,0,0,0,0,,0.000246,1370,0.948285,20,3.500,validated_walk_forward,False,True,2,0.400
hip3_xyz_commodity_c0:feat_ext_vs_ma_10:1:LONG:h20,PERP,feat_ext_vs_ma_10,1,LONG,monitored,2026-09-15T07:12:33.280993+00:00,,0,0,0,0,,0.000119,1352,0.990490,20,3.500,validated_walk_forward,False,True,3,0.600
hip3_xyz_commodity_c0:feat_vol_regime:1:LONG:h21,PERP,feat_vol_regime,1,LONG,monitored,2026-09-15T07:12:33.280993+00:00,,0,0,0,0,,0.005589,993,0.000030,21,3.500,validated_walk_forward,False,True,4,0.800
hip3_xyz_commodity_c0:feat_realized_vol_20:1:LONG:h21,PERP,feat_realized_vol_20,1,LONG,monitored,2026-09-15T07:12:33.280993+00:00,,0,0,0,0,,0.002900,1079,0.111946,21,3.500,validated_walk_forward,False,True,4,0.800
hip3_xyz_commodity_c0:feat_trend_strength_20:2:LONG:h21,PERP,feat_trend_strength_20,2,LONG,monitored,2026-09-15T07:12:33.280993+00:00,,0,0,0,0,,0.002732,1313,0.000002,21,3.500,validated_walk_forward,False,True,4,0.800
hip3_xyz_commodity_c0:feat_ext_vs_ma_20:0:LONG:h21,PERP,feat_ext_vs_ma_20,0,LONG,monitored,2026-09-15T07:12:33.280993+00:00,,0,0,0,0,,0.002067,1278,0.001540,21,3.500,validated_walk_forward,False,True,4,0.800
hip3_xyz_commodity_c0:feat_atr_norm_ext:0:LONG:h21,PERP,feat_atr_norm_ext,0,LONG,monitored,2026-09-15T07:12:33.280993+00:00,,0,0,0,0,,0.001968,1334,0.000709,21,3.500,validated_walk_forward,False,True,4,0.800
hip3_xyz_commodity_c0:feat_ret_10:0:LONG:h21,PERP,feat_ret_10,0,LONG,monitored,2026-09-15T07:12:33.280993+00:00,,0,0,0,0,,0.001959,1319,0.000550,21,3.500,validated_walk_forward,False,True,4,0.800
hip3_xyz_commodity_c0:feat_ext_strength:0:LONG:h21,PERP,feat_ext_strength,0,LONG,monitored,2026-09-15T07:12:33.280993+00:00,,0,0,0,0,,0.001926,1318,0.000310,21,3.500,validated_walk_forward,False,True,4,0.800
hip3_xyz_commodity_c0:feat_trend_slope_20:0:LONG:h21,PERP,feat_trend_slope_20,0,LONG,monitored,2026-09-15T07:12:33.280993+00:00,,0,0,0,0,,0.001853,1357,0.023749,21,3.500,validated_walk_forward,False,True,4,0.800
hip3_xyz_commodity_c0:feat_ret_20:0:LONG:h21,PERP,feat_ret_20,0,LONG,monitored,2026-09-15T07:12:33.280993+00:00,,0,0,0,0,,0.001831,1324,0.011152,21,3.500,validated_walk_forward,False,True,4,0.800
hip3_xyz_commodity_c0:feat_ext_vs_ma_50:0:LONG:h21,PERP,feat_ext_vs_ma_50,0,LONG,monitored,2026-09-15T07:12:33.280993+00:00,,0,0,0,0,,0.001821,1399,0.049060,21,3.500,validated_walk_forward,False,True,4,0.800
hip3_xyz_commodity_c0:feat_ext_vs_ma_10:0:LONG:h21,PERP,feat_ext_vs_ma_10,0,LONG,monitored,2026-09-15T07:12:33.280993+00:00,,0,0,0,0,,0.001770,1348,0.021279,21,3.500,validated_walk_forward,False,True,4,0.800
hip3_xyz_commodity_c0:feat_ret_1:0:LONG:h21,PERP,feat_ret_1,0,LONG,monitored,2026-09-15T07:12:33.280993+00:00,,0,0,0,0,,0.001661,1280,0.163753,21,3.500,validated_walk_forward,False,True,3,0.600
hip3_xyz_commodity_c0:feat_vol_trend:0:LONG:h21,PERP,feat_vol_trend,0,LONG,monitored,2026-09-15T07:12:33.280993+00:00,,0,0,0,0,,0.001621,1259,0.068471,21,3.500,validated_walk_forward,False,True,3,0.600
hip3_xyz_commodity_c0:feat_ret_5:0:LONG:h21,PERP,feat_ret_5,0,LONG,monitored,2026-09-15T07:12:33.280993+00:00,,0,0,0,0,,0.001571,1354,0.060759,21,3.500,validated_walk_forward,False,True,4,0.800
hip3_xyz_commodity_c0:feat_atr_norm_ext:2:LONG:h21,PERP,feat_atr_norm_ext,2,LONG,monitored,2026-09-15T07:12:33.280993+00:00,,0,0,0,0,,0.001549,1194,0.321090,21,3.500,validated_walk_forward,False,True,3,0.600
hip3_xyz_commodity_c0:feat_ret_vol:0:LONG:h21,PERP,feat_ret_vol,0,LONG,monitored,2026-09-15T07:12:33.280993+00:00,,0,0,0,0,,0.001514,1234,0.071264,21,3.500,validated_walk_forward,False,True,3,0.600
hip3_xyz_commodity_c0:feat_ret_3:0:LONG:h21,PERP,feat_ret_3,0,LONG,monitored,2026-09-15T07:12:33.280993+00:00,,0,0,0,0,,0.001379,1315,0.084171,21,3.500,validated_walk_forward,False,True,4,0.800
hip3_xyz_commodity_c0:feat_ext_vs_ma_10:2:LONG:h21,PERP,feat_ext_vs_ma_10,2,LONG,monitored,2026-09-15T07:12:33.280993+00:00,,0,0,0,0,,0.001375,1156,0.360113,21,3.500,validated_walk_forward,False,True,2,0.400
hip3_xyz_commodity_c0:feat_ext_vs_ma_20:2:LONG:h21,PERP,feat_ext_vs_ma_20,2,LONG,monitored,2026-09-15T07:12:33.280993+00:00,,0,0,0,0,,0.001156,1159,0.514444,21,3.500,validated_walk_forward,False,True,2,0.400
hip3_xyz_commodity_c0:feat_ext_strength:2:LONG:h21,PERP,feat_ext_strength,2,LONG,monitored,2026-09-15T07:12:33.280993+00:00,,0,0,0,0,,0.000956,1180,0.565766,21,3.500,validated_walk_forward,False,True,2,0.400
hip3_xyz_commodity_c0:feat_vol_trend:1:LONG:h21,PERP,feat_vol_trend,1,LONG,monitored,2026-09-15T07:12:33.280993+00:00,,0,0,0,0,,0.000845,1197,0.646002,21,3.500,validated_walk_forward,False,True,2,0.400
hip3_xyz_commodity_c0:feat_vol_regime:0:LONG:h21,PERP,feat_vol_regime,0,LONG,monitored,2026-09-15T07:12:33.280993+00:00,,0,0,0,0,,0.000844,1236,0.342161,21,3.500,validated_walk_forward,False,True,3,0.600
hip3_xyz_commodity_c0:feat_realized_vol_20:0:LONG:h21,PERP,feat_realized_vol_20,0,LONG,monitored,2026-09-15T07:12:33.280993+00:00,,0,0,0,0,,0.000821,1428,0.527309,21,3.500,validated_walk_forward,False,True,3,0.600
hip3_xyz_commodity_c0:feat_ret_3:1:LONG:h21,PERP,feat_ret_3,1,LONG,monitored,2026-09-15T07:12:33.280993+00:00,,0,0,0,0,,0.000792,1445,0.536762,21,3.500,validated_walk_forward,False,True,3,0.600
hip3_xyz_commodity_c0:feat_ret_vol:1:LONG:h21,PERP,feat_ret_vol,1,LONG,monitored,2026-09-15T07:12:33.280993+00:00,,0,0,0,0,,0.000776,1248,0.742388,21,3.500,validated_walk_forward,False,True,2,0.400
hip3_xyz_commodity_c0:feat_ret_1:1:LONG:h21,PERP,feat_ret_1,1,LONG,monitored,2026-09-15T07:12:33.280993+00:00,,0,0,0,0,,0.000744,1453,0.355246,21,3.500,validated_walk_forward,False,True,2,0.400
hip3_xyz_commodity_c0:feat_trend_slope_20:1:LONG:h21,PERP,feat_trend_slope_20,1,LONG,monitored,2026-09-15T07:12:33.280993+00:00,,0,0,0,0,,0.000742,1319,0.766271,21,3.500,validated_walk_forward,False,True,2,0.400
hip3_xyz_commodity_c0:feat_ret_5:2:LONG:h21,PERP,feat_ret_5,2,LONG,monitored,2026-09-15T07:12:33.280993+00:00,,0,0,0,0,,0.000723,1154,0.558780,21,3.500,validated_walk_forward,False,True,2,0.400
hip3_xyz_commodity_c0:feat_ret_10:2:LONG:h21,PERP,feat_ret_10,2,LONG,monitored,2026-09-15T07:12:33.280993+00:00,,0,0,0,0,,0.000656,1154,0.728742,21,3.500,validated_walk_forward,False,True,2,0.400
hip3_xyz_commodity_c0:feat_ext_vs_ma_50:1:LONG:h21,PERP,feat_ext_vs_ma_50,1,LONG,monitored,2026-09-15T07:12:33.280993+00:00,,0,0,0,0,,0.000654,1256,0.917628,21,3.500,validated_walk_forward,False,True,2,0.400
hip3_xyz_commodity_c0:feat_ret_10:1:LONG:h21,PERP,feat_ret_10,1,LONG,monitored,2026-09-15T07:12:33.280993+00:00,,0,0,0,0,,0.000632,1377,0.681718,21,3.500,validated_walk_forward,False,True,3,0.600
hip3_xyz_commodity_c0:feat_trend_strength_20:0:LONG:h21,PERP,feat_trend_strength_20,0,LONG,monitored,2026-09-15T07:12:33.280993+00:00,,0,0,0,0,,0.000628,1294,0.747111,21,3.500,validated_walk_forward,False,True,2,0.400
hip3_xyz_commodity_c0:feat_ret_3:2:LONG:h21,PERP,feat_ret_3,2,LONG,monitored,2026-09-15T07:12:33.280993+00:00,,0,0,0,0,,0.000621,1125,0.521185,21,3.500,validated_walk_forward,False,True,2,0.400
hip3_xyz_commodity_c0:feat_ret_5:1:LONG:h21,PERP,feat_ret_5,1,LONG,monitored,2026-09-15T07:12:33.280993+00:00,,0,0,0,0,,0.000619,1367,0.572852,21,3.500,validated_walk_forward,False,True,3,0.600
hip3_xyz_commodity_c0:feat_ret_20:1:LONG:h21,PERP,feat_ret_20,1,LONG,monitored,2026-09-15T07:12:33.280993+00:00,,0,0,0,0,,0.000588,1353,0.832684,21,3.500,validated_walk_forward,False,True,2,0.400
hip3_xyz_commodity_c0:feat_ext_strength:1:LONG:h21,PERP,feat_ext_strength,1,LONG,monitored,2026-09-15T07:12:33.280993+00:00,,0,0,0,0,,0.000484,1307,0.877144,21,3.500,validated_walk_forward,False,True,2,0.400
hip3_xyz_commodity_c0:feat_ext_vs_ma_20:1:LONG:h21,PERP,feat_ext_vs_ma_20,1,LONG,monitored,2026-09-15T07:12:33.280993+00:00,,0,0,0,0,,0.000232,1368,0.955514,21,3.500,validated_walk_forward,False,True,2,0.400
hip3_xyz_commodity_c0:feat_ext_vs_ma_10:1:LONG:h21,PERP,feat_ext_vs_ma_10,1,LONG,monitored,2026-09-15T07:12:33.280993+00:00,,0,0,0,0,,0.000134,1351,0.983460,21,3.500,validated_walk_forward,False,True,3,0.600
hip3_xyz_commodity_c0:feat_vol_regime:1:LONG:h22,PERP,feat_vol_regime,1,LONG,monitored,2026-09-15T07:12:33.280993+00:00,,0,0,0,0,,0.005938,993,0.000026,22,3.500,validated_walk_forward,False,True,4,0.800
hip3_xyz_commodity_c0:feat_trend_strength_20:2:LONG:h22,PERP,feat_trend_strength_20,2,LONG,monitored,2026-09-15T07:12:33.280993+00:00,,0,0,0,0,,0.002983,1308,0.000000,22,3.500,validated_walk_forward,False,True,4,0.800
hip3_xyz_commodity_c0:feat_realized_vol_20:1:LONG:h22,PERP,feat_realized_vol_20,1,LONG,monitored,2026-09-15T07:12:33.280993+00:00,,0,0,0,0,,0.002962,1077,0.129891,22,3.500,validated_walk_forward,False,True,4,0.800
hip3_xyz_commodity_c0:feat_ext_vs_ma_20:0:LONG:h22,PERP,feat_ext_vs_ma_20,0,LONG,monitored,2026-09-15T07:12:33.280993+00:00,,0,0,0,0,,0.002286,1276,0.000767,22,3.500,validated_walk_forward,False,True,4,0.800
hip3_xyz_commodity_c0:feat_atr_norm_ext:0:LONG:h22,PERP,feat_atr_norm_ext,0,LONG,monitored,2026-09-15T07:12:33.280993+00:00,,0,0,0,0,,0.002191,1332,0.000384,22,3.500,validated_walk_forward,False,True,4,0.800
hip3_xyz_commodity_c0:feat_ret_10:0:LONG:h22,PERP,feat_ret_10,0,LONG,monitored,2026-09-15T07:12:33.280993+00:00,,0,0,0,0,,0.002186,1315,0.000256,22,3.500,validated_walk_forward,False,True,4,0.800
hip3_xyz_commodity_c0:feat_ext_strength:0:LONG:h22,PERP,feat_ext_strength,0,LONG,monitored,2026-09-15T07:12:33.280993+00:00,,0,0,0,0,,0.002120,1316,0.000160,22,3.500,validated_walk_forward,False,True,4,0.800
hip3_xyz_commodity_c0:feat_ext_vs_ma_10:0:LONG:h22,PERP,feat_ext_vs_ma_10,0,LONG,monitored,2026-09-15T07:12:33.280993+00:00,,0,0,0,0,,0.002040,1344,0.013580,22,3.500,validated_walk_forward,False,True,4,0.800
hip3_xyz_commodity_c0:feat_ext_vs_ma_50:0:LONG:h22,PERP,feat_ext_vs_ma_50,0,LONG,monitored,2026-09-15T07:12:33.280993+00:00,,0,0,0,0,,0.001988,1397,0.036329,22,3.500,validated_walk_forward,False,True,4,0.800
hip3_xyz_commodity_c0:feat_ret_20:0:LONG:h22,PERP,feat_ret_20,0,LONG,monitored,2026-09-15T07:12:33.280993+00:00,,0,0,0,0,,0.001978,1322,0.005941,22,3.500,validated_walk_forward,False,True,4,0.800
hip3_xyz_commodity_c0:feat_trend_slope_20:0:LONG:h22,PERP,feat_trend_slope_20,0,LONG,monitored,2026-09-15T07:12:33.280993+00:00,,0,0,0,0,,0.001961,1355,0.021922,22,3.500,validated_walk_forward,False,True,4,0.800
hip3_xyz_commodity_c0:feat_ret_1:0:LONG:h22,PERP,feat_ret_1,0,LONG,monitored,2026-09-15T07:12:33.280993+00:00,,0,0,0,0,,0.001893,1275,0.124984,22,3.500,validated_walk_forward,False,True,3,0.600
hip3_xyz_commodity_c0:feat_ret_5:0:LONG:h22,PERP,feat_ret_5,0,LONG,monitored,2026-09-15T07:12:33.280993+00:00,,0,0,0,0,,0.001723,1352,0.041707,22,3.500,validated_walk_forward,False,True,4,0.800
hip3_xyz_commodity_c0:feat_atr_norm_ext:2:LONG:h22,PERP,feat_atr_norm_ext,2,LONG,monitored,2026-09-15T07:12:33.280993+00:00,,0,0,0,0,,0.001708,1193,0.310632,22,3.500,validated_walk_forward,False,True,3,0.600
hip3_xyz_commodity_c0:feat_vol_trend:0:LONG:h22,PERP,feat_vol_trend,0,LONG,monitored,2026-09-15T07:12:33.280993+00:00,,0,0,0,0,,0.001675,1257,0.058112,22,3.500,validated_walk_forward,False,True,3,0.600
hip3_xyz_commodity_c0:feat_ret_vol:0:LONG:h22,PERP,feat_ret_vol,0,LONG,monitored,2026-09-15T07:12:33.280993+00:00,,0,0,0,0,,0.001669,1232,0.045941,22,3.500,validated_walk_forward,False,True,4,0.800
hip3_xyz_commodity_c0:feat_ret_3:0:LONG:h22,PERP,feat_ret_3,0,LONG,monitored,2026-09-15T07:12:33.280993+00:00,,0,0,0,0,,0.001660,1312,0.053151,22,3.500,validated_walk_forward,False,True,4,0.800
hip3_xyz_commodity_c0:feat_ext_vs_ma_10:2:LONG:h22,PERP,feat_ext_vs_ma_10,2,LONG,monitored,2026-09-15T07:12:33.280993+00:00,,0,0,0,0,,0.001468,1155,0.357658,22,3.500,validated_walk_forward,False,True,2,0.400
hip3_xyz_commodity_c0:feat_ext_vs_ma_20:2:LONG:h22,PERP,feat_ext_vs_ma_20,2,LONG,monitored,2026-09-15T07:12:33.280993+00:00,,0,0,0,0,,0.001286,1157,0.497153,22,3.500,validated_walk_forward,False,True,2,0.400
hip3_xyz_commodity_c0:feat_ext_strength:2:LONG:h22,PERP,feat_ext_strength,2,LONG,monitored,2026-09-15T07:12:33.280993+00:00,,0,0,0,0,,0.001172,1177,0.515270,22,3.500,validated_walk_forward,False,True,2,0.400
hip3_xyz_commodity_c0:feat_ret_20:2:LONG:h22,PERP,feat_ret_20,2,LONG,monitored,2026-09-15T07:12:33.280993+00:00,,0,0,0,0,,0.001144,1120,0.584043,22,3.500,validated_walk_forward,False,True,2,0.400
hip3_xyz_commodity_c0:feat_vol_trend:1:LONG:h22,PERP,feat_vol_trend,1,LONG,monitored,2026-09-15T07:12:33.280993+00:00,,0,0,0,0,,0.000929,1197,0.619832,22,3.500,validated_walk_forward,False,True,2,0.400
hip3_xyz_commodity_c0:feat_realized_vol_20:0:LONG:h22,PERP,feat_realized_vol_20,0,LONG,monitored,2026-09-15T07:12:33.280993+00:00,,0,0,0,0,,0.000852,1427,0.534453,22,3.500,validated_walk_forward,False,True,3,0.600
hip3_xyz_commodity_c0:feat_vol_regime:0:LONG:h22,PERP,feat_vol_regime,0,LONG,monitored,2026-09-15T07:12:33.280993+00:00,,0,0,0,0,,0.000848,1236,0.360905,22,3.500,validated_walk_forward,False,True,2,0.400
hip3_xyz_commodity_c0:feat_ret_5:2:LONG:h22,PERP,feat_ret_5,2,LONG,monitored,2026-09-15T07:12:33.280993+00:00,,0,0,0,0,,0.000825,1153,0.539260,22,3.500,validated_walk_forward,False,True,2,0.400
hip3_xyz_commodity_c0:feat_ret_1:1:LONG:h22,PERP,feat_ret_1,1,LONG,monitored,2026-09-15T07:12:33.280993+00:00,,0,0,0,0,,0.000807,1453,0.369191,22,3.500,validated_walk_forward,False,True,3,0.600
hip3_xyz_commodity_c0:feat_ret_3:1:LONG:h22,PERP,feat_ret_3,1,LONG,monitored,2026-09-15T07:12:33.280993+00:00,,0,0,0,0,,0.000799,1444,0.548254,22,3.500,validated_walk_forward,False,True,3,0.600
hip3_xyz_commodity_c0:feat_ret_vol:1:LONG:h22,PERP,feat_ret_vol,1,LONG,monitored,2026-09-15T07:12:33.280993+00:00,,0,0,0,0,,0.000787,1248,0.743601,22,3.500,validated_walk_forward,False,True,2,0.400
hip3_xyz_commodity_c0:feat_trend_slope_20:1:LONG:h22,PERP,feat_trend_slope_20,1,LONG,monitored,2026-09-15T07:12:33.280993+00:00,,0,0,0,0,,0.000765,1319,0.764897,22,3.500,validated_walk_forward,False,True,2,0.400
hip3_xyz_commodity_c0:feat_ret_10:2:LONG:h22,PERP,feat_ret_10,2,LONG,monitored,2026-09-15T07:12:33.280993+00:00,,0,0,0,0,,0.000764,1153,0.708123,22,3.500,validated_walk_forward,False,True,2,0.400
hip3_xyz_commodity_c0:feat_ret_5:1:LONG:h22,PERP,feat_ret_5,1,LONG,monitored,2026-09-15T07:12:33.280993+00:00,,0,0,0,0,,0.000738,1365,0.527486,22,3.500,validated_walk_forward,False,True,3,0.600
hip3_xyz_commodity_c0:feat_ext_vs_ma_50:1:LONG:h22,PERP,feat_ext_vs_ma_50,1,LONG,monitored,2026-09-15T07:12:33.280993+00:00,,0,0,0,0,,0.000727,1256,0.883058,22,3.500,validated_walk_forward,False,True,2,0.400
hip3_xyz_commodity_c0:feat_ret_3:2:LONG:h22,PERP,feat_ret_3,2,LONG,monitored,2026-09-15T07:12:33.280993+00:00,,0,0,0,0,,0.000711,1124,0.496923,22,3.500,validated_walk_forward,False,True,2,0.400
hip3_xyz_commodity_c0:feat_ret_10:1:LONG:h22,PERP,feat_ret_10,1,LONG,monitored,2026-09-15T07:12:33.280993+00:00,,0,0,0,0,,0.000664,1377,0.677194,22,3.500,validated_walk_forward,False,True,3,0.600
hip3_xyz_commodity_c0:feat_trend_strength_20:0:LONG:h22,PERP,feat_trend_strength_20,0,LONG,monitored,2026-09-15T07:12:33.280993+00:00,,0,0,0,0,,0.000659,1294,0.742186,22,3.500,validated_walk_forward,False,True,2,0.400
hip3_xyz_commodity_c0:feat_ret_20:1:LONG:h22,PERP,feat_ret_20,1,LONG,monitored,2026-09-15T07:12:33.280993+00:00,,0,0,0,0,,0.000601,1353,0.829455,22,3.500,validated_walk_forward,False,True,2,0.400
hip3_xyz_commodity_c0:feat_ext_strength:1:LONG:h22,PERP,feat_ext_strength,1,LONG,monitored,2026-09-15T07:12:33.280993+00:00,,0,0,0,0,,0.000426,1307,0.906486,22,3.500,validated_walk_forward,False,True,2,0.400
hip3_xyz_commodity_c0:feat_ext_vs_ma_20:1:LONG:h22,PERP,feat_ext_vs_ma_20,1,LONG,monitored,2026-09-15T07:12:33.280993+00:00,,0,0,0,0,,0.000234,1367,0.955433,22,3.500,validated_walk_forward,False,True,2,0.400
hip3_xyz_commodity_c0:feat_ext_vs_ma_10:1:LONG:h22,PERP,feat_ext_vs_ma_10,1,LONG,monitored,2026-09-15T07:12:33.280993+00:00,,0,0,0,0,,0.000146,1351,0.977295,22,3.500,validated_walk_forward,False,True,2,0.400
hip3_xyz_commodity_c0:feat_vol_regime:1:LONG:h23,PERP,feat_vol_regime,1,LONG,monitored,2026-09-15T07:12:33.280993+00:00,,0,0,0,0,,0.006269,993,0.000028,23,3.500,validated_walk_forward,False,True,4,0.800
hip3_xyz_commodity_c0:feat_trend_strength_20:2:LONG:h23,PERP,feat_trend_strength_20,2,LONG,monitored,2026-09-15T07:12:33.280993+00:00,,0,0,0,0,,0.003160,1303,0.000000,23,3.500,validated_walk_forward,False,True,5,1.000
hip3_xyz_commodity_c0:feat_realized_vol_20:1:LONG:h23,PERP,feat_realized_vol_20,1,LONG,monitored,2026-09-15T07:12:33.280993+00:00,,0,0,0,0,,0.003086,1076,0.137974,23,3.500,validated_walk_forward,False,True,4,0.800
hip3_xyz_commodity_c0:feat_ext_vs_ma_20:0:LONG:h23,PERP,feat_ext_vs_ma_20,0,LONG,monitored,2026-09-15T07:12:33.280993+00:00,,0,0,0,0,,0.002452,1274,0.000791,23,3.500,validated_walk_forward,False,True,4,0.800
hip3_xyz_commodity_c0:feat_ret_10:0:LONG:h23,PERP,feat_ret_10,0,LONG,monitored,2026-09-15T07:12:33.280993+00:00,,0,0,0,0,,0.002328,1313,0.000336,23,3.500,validated_walk_forward,False,True,4,0.800
hip3_xyz_commodity_c0:feat_atr_norm_ext:0:LONG:h23,PERP,feat_atr_norm_ext,0,LONG,monitored,2026-09-15T07:12:33.280993+00:00,,0,0,0,0,,0.002297,1330,0.000397,23,3.500,validated_walk_forward,False,True,4,0.800
hip3_xyz_commodity_c0:feat_ext_strength:0:LONG:h23,PERP,feat_ext_strength,0,LONG,monitored,2026-09-15T07:12:33.280993+00:00,,0,0,0,0,,0.002286,1314,0.000194,23,3.500,validated_walk_forward,False,True,4,0.800
hip3_xyz_commodity_c0:feat_ext_vs_ma_10:0:LONG:h23,PERP,feat_ext_vs_ma_10,0,LONG,monitored,2026-09-15T07:12:33.280993+00:00,,0,0,0,0,,0.002207,1342,0.009317,23,3.500,validated_walk_forward,False,True,4,0.800
hip3_xyz_commodity_c0:feat_ext_vs_ma_50:0:LONG:h23,PERP,feat_ext_vs_ma_50,0,LONG,monitored,2026-09-15T07:12:33.280993+00:00,,0,0,0,0,,0.002150,1395,0.029962,23,3.500,validated_walk_forward,False,True,4,0.800
hip3_xyz_commodity_c0:feat_ret_20:0:LONG:h23,PERP,feat_ret_20,0,LONG,monitored,2026-09-15T07:12:33.280993+00:00,,0,0,0,0,,0.002085,1320,0.005831,23,3.500,validated_walk_forward,False,True,4,0.800
hip3_xyz_commodity_c0:feat_ret_1:0:LONG:h23,PERP,feat_ret_1,0,LONG,monitored,2026-09-15T07:12:33.280993+00:00,,0,0,0,0,,0.002063,1273,0.131119,23,3.500,validated_walk_forward,False,True,3,0.600
hip3_xyz_commodity_c0:feat_trend_slope_20:0:LONG:h23,PERP,feat_trend_slope_20,0,LONG,monitored,2026-09-15T07:12:33.280993+00:00,,0,0,0,0,,0.002009,1353,0.023717,23,3.500,validated_walk_forward,False,True,4,0.800
hip3_xyz_commodity_c0:feat_atr_norm_ext:2:LONG:h23,PERP,feat_atr_norm_ext,2,LONG,monitored,2026-09-15T07:12:33.280993+00:00,,0,0,0,0,,0.001856,1190,0.314653,23,3.500,validated_walk_forward,False,True,2,0.400
hip3_xyz_commodity_c0:feat_ret_5:0:LONG:h23,PERP,feat_ret_5,0,LONG,monitored,2026-09-15T07:12:33.280993+00:00,,0,0,0,0,,0.001849,1350,0.030045,23,3.500,validated_walk_forward,False,True,4,0.800
hip3_xyz_commodity_c0:feat_ret_3:0:LONG:h23,PERP,feat_ret_3,0,LONG,monitored,2026-09-15T07:12:33.280993+00:00,,0,0,0,0,,0.001833,1310,0.038277,23,3.500,validated_walk_forward,False,True,4,0.800
hip3_xyz_commodity_c0:feat_ret_vol:0:LONG:h23,PERP,feat_ret_vol,0,LONG,monitored,2026-09-15T07:12:33.280993+00:00,,0,0,0,0,,0.001793,1230,0.043935,23,3.500,validated_walk_forward,False,True,4,0.800
hip3_xyz_commodity_c0:feat_vol_trend:0:LONG:h23,PERP,feat_vol_trend,0,LONG,monitored,2026-09-15T07:12:33.280993+00:00,,0,0,0,0,,0.001668,1255,0.062072,23,3.500,validated_walk_forward,False,True,3,0.600
hip3_xyz_commodity_c0:feat_ext_vs_ma_10:2:LONG:h23,PERP,feat_ext_vs_ma_10,2,LONG,monitored,2026-09-15T07:12:33.280993+00:00,,0,0,0,0,,0.001615,1152,0.368602,23,3.500,validated_walk_forward,False,True,2,0.400
hip3_xyz_commodity_c0:feat_ext_vs_ma_20:2:LONG:h23,PERP,feat_ext_vs_ma_20,2,LONG,monitored,2026-09-15T07:12:33.280993+00:00,,0,0,0,0,,0.001355,1154,0.513869,23,3.500,validated_walk_forward,False,True,2,0.400
hip3_xyz_commodity_c0:feat_ret_20:2:LONG:h23,PERP,feat_ret_20,2,LONG,monitored,2026-09-15T07:12:33.280993+00:00,,0,0,0,0,,0.001329,1117,0.556234,23,3.500,validated_walk_forward,False,True,2,0.400
hip3_xyz_commodity_c0:feat_ext_strength:2:LONG:h23,PERP,feat_ext_strength,2,LONG,monitored,2026-09-15T07:12:33.280993+00:00,,0,0,0,0,,0.001316,1174,0.491034,23,3.500,validated_walk_forward,False,True,2,0.400
hip3_xyz_commodity_c0:feat_trend_slope_20:2:LONG:h23,PERP,feat_trend_slope_20,2,LONG,monitored,2026-09-15T07:12:33.280993+00:00,,0,0,0,0,,0.001232,1123,0.585052,23,3.500,validated_walk_forward,False,True,2,0.400
hip3_xyz_commodity_c0:feat_ret_5:2:LONG:h23,PERP,feat_ret_5,2,LONG,monitored,2026-09-15T07:12:33.280993+00:00,,0,0,0,0,,0.001036,1152,0.511204,23,3.500,validated_walk_forward,False,True,2,0.400
hip3_xyz_commodity_c0:feat_vol_trend:1:LONG:h23,PERP,feat_vol_trend,1,LONG,monitored,2026-09-15T07:12:33.280993+00:00,,0,0,0,0,,0.000930,1197,0.622292,23,3.500,validated_walk_forward,False,True,3,0.600
hip3_xyz_commodity_c0:feat_ret_10:2:LONG:h23,PERP,feat_ret_10,2,LONG,monitored,2026-09-15T07:12:33.280993+00:00,,0,0,0,0,,0.000925,1151,0.677307,23,3.500,validated_walk_forward,False,True,2,0.400
hip3_xyz_commodity_c0:feat_ret_1:1:LONG:h23,PERP,feat_ret_1,1,LONG,monitored,2026-09-15T07:12:33.280993+00:00,,0,0,0,0,,0.000866,1452,0.332262,23,3.500,validated_walk_forward,False,True,3,0.600
hip3_xyz_commodity_c0:feat_ret_3:1:LONG:h23,PERP,feat_ret_3,1,LONG,monitored,2026-09-15T07:12:33.280993+00:00,,0,0,0,0,,0.000842,1444,0.526566,23,3.500,validated_walk_forward,False,True,3,0.600
hip3_xyz_commodity_c0:feat_ret_3:2:LONG:h23,PERP,feat_ret_3,2,LONG,monitored,2026-09-15T07:12:33.280993+00:00,,0,0,0,0,,0.000809,1121,0.513927,23,3.500,validated_walk_forward,False,True,2,0.400
hip3_xyz_commodity_c0:feat_realized_vol_20:0:LONG:h23,PERP,feat_realized_vol_20,0,LONG,monitored,2026-09-15T07:12:33.280993+00:00,,0,0,0,0,,0.000800,1425,0.577661,23,3.500,validated_walk_forward,False,True,3,0.600
hip3_xyz_commodity_c0:feat_trend_slope_20:1:LONG:h23,PERP,feat_trend_slope_20,1,LONG,monitored,2026-09-15T07:12:33.280993+00:00,,0,0,0,0,,0.000746,1319,0.775711,23,3.500,validated_walk_forward,False,True,2,0.400
hip3_xyz_commodity_c0:feat_ret_5:1:LONG:h23,PERP,feat_ret_5,1,LONG,monitored,2026-09-15T07:12:33.280993+00:00,,0,0,0,0,,0.000746,1363,0.525545,23,3.500,validated_walk_forward,False,True,3,0.600
hip3_xyz_commodity_c0:feat_ret_vol:1:LONG:h23,PERP,feat_ret_vol,1,LONG,monitored,2026-09-15T07:12:33.280993+00:00,,0,0,0,0,,0.000725,1248,0.777211,23,3.500,validated_walk_forward,False,True,2,0.400
hip3_xyz_commodity_c0:feat_trend_strength_20:0:LONG:h23,PERP,feat_trend_strength_20,0,LONG,monitored,2026-09-15T07:12:33.280993+00:00,,0,0,0,0,,0.000675,1294,0.737437,23,3.500,validated_walk_forward,False,True,2,0.400
hip3_xyz_commodity_c0:feat_ret_10:1:LONG:h23,PERP,feat_ret_10,1,LONG,monitored,2026-09-15T07:12:33.280993+00:00,,0,0,0,0,,0.000674,1376,0.679149,23,3.500,validated_walk_forward,False,True,3,0.600
hip3_xyz_commodity_c0:feat_ext_vs_ma_50:1:LONG:h23,PERP,feat_ext_vs_ma_50,1,LONG,monitored,2026-09-15T07:12:33.280993+00:00,,0,0,0,0,,0.000673,1256,0.913199,23,3.500,validated_walk_forward,False,True,2,0.400
hip3_xyz_commodity_c0:feat_ret_20:1:LONG:h23,PERP,feat_ret_20,1,LONG,monitored,2026-09-15T07:12:33.280993+00:00,,0,0,0,0,,0.000617,1353,0.829268,23,3.500,validated_walk_forward,False,True,2,0.400
hip3_xyz_commodity_c0:feat_ext_strength:1:LONG:h23,PERP,feat_ext_strength,1,LONG,monitored,2026-09-15T07:12:33.280993+00:00,,0,0,0,0,,0.000411,1307,0.922813,23,3.500,validated_walk_forward,False,True,2,0.400
hip3_xyz_commodity_c0:feat_ext_vs_ma_20:1:LONG:h23,PERP,feat_ext_vs_ma_20,1,LONG,monitored,2026-09-15T07:12:33.280993+00:00,,0,0,0,0,,0.000292,1367,0.931385,23,3.500,validated_walk_forward,False,True,2,0.400
hip3_xyz_commodity_c0:feat_ext_vs_ma_10:1:LONG:h23,PERP,feat_ext_vs_ma_10,1,LONG,monitored,2026-09-15T07:12:33.280993+00:00,,0,0,0,0,,0.000144,1351,0.980411,23,3.500,validated_walk_forward,False,True,2,0.400
hip3_xyz_commodity_c0:feat_vol_regime:1:LONG:h24,PERP,feat_vol_regime,1,LONG,monitored,2026-09-15T07:12:33.280993+00:00,,0,0,0,0,,0.006431,993,0.000036,24,3.500,validated_walk_forward,False,True,4,0.800
hip3_xyz_commodity_c0:feat_trend_strength_20:2:LONG:h24,PERP,feat_trend_strength_20,2,LONG,monitored,2026-09-15T07:12:33.280993+00:00,,0,0,0,0,,0.003303,1299,0.000000,24,3.500,validated_walk_forward,False,True,5,1.000
hip3_xyz_commodity_c0:feat_realized_vol_20:1:LONG:h24,PERP,feat_realized_vol_20,1,LONG,monitored,2026-09-15T07:12:33.280993+00:00,,0,0,0,0,,0.003137,1075,0.163226,24,3.500,validated_walk_forward,False,True,3,0.600
hip3_xyz_commodity_c0:feat_ext_vs_ma_20:0:LONG:h24,PERP,feat_ext_vs_ma_20,0,LONG,monitored,2026-09-15T07:12:33.280993+00:00,,0,0,0,0,,0.002504,1272,0.001011,24,3.500,validated_walk_forward,False,True,4,0.800
hip3_xyz_commodity_c0:feat_ret_10:0:LONG:h24,PERP,feat_ret_10,0,LONG,monitored,2026-09-15T07:12:33.280993+00:00,,0,0,0,0,,0.002413,1311,0.000297,24,3.500,validated_walk_forward,False,True,4,0.800
hip3_xyz_commodity_c0:feat_atr_norm_ext:0:LONG:h24,PERP,feat_atr_norm_ext,0,LONG,monitored,2026-09-15T07:12:33.280993+00:00,,0,0,0,0,,0.002347,1328,0.000659,24,3.500,validated_walk_forward,False,True,4,0.800
hip3_xyz_commodity_c0:feat_ext_strength:0:LONG:h24,PERP,feat_ext_strength,0,LONG,monitored,2026-09-15T07:12:33.280993+00:00,,0,0,0,0,,0.002322,1312,0.000256,24,3.500,validated_walk_forward,False,True,4,0.800
hip3_xyz_commodity_c0:feat_ext_vs_ma_10:0:LONG:h24,PERP,feat_ext_vs_ma_10,0,LONG,monitored,2026-09-15T07:12:33.280993+00:00,,0,0,0,0,,0.002311,1340,0.007632,24,3.500,validated_walk_forward,False,True,4,0.800
hip3_xyz_commodity_c0:feat_ext_vs_ma_50:0:LONG:h24,PERP,feat_ext_vs_ma_50,0,LONG,monitored,2026-09-15T07:12:33.280993+00:00,,0,0,0,0,,0.002232,1393,0.029225,24,3.500,validated_walk_forward,False,True,4,0.800
hip3_xyz_commodity_c0:feat_ret_1:0:LONG:h24,PERP,feat_ret_1,0,LONG,monitored,2026-09-15T07:12:33.280993+00:00,,0,0,0,0,,0.002215,1271,0.114168,24,3.500,validated_walk_forward,False,True,3,0.600
hip3_xyz_commodity_c0:feat_ret_20:0:LONG:h24,PERP,feat_ret_20,0,LONG,monitored,2026-09-15T07:12:33.280993+00:00,,0,0,0,0,,0.002194,1318,0.007558,24,3.500,validated_walk_forward,False,True,4,0.800
hip3_xyz_commodity_c0:feat_trend_slope_20:0:LONG:h24,PERP,feat_trend_slope_20,0,LONG,monitored,2026-09-15T07:12:33.280993+00:00,,0,0,0,0,,0.002053,1351,0.027018,24,3.500,validated_walk_forward,False,True,3,0.600
hip3_xyz_commodity_c0:feat_atr_norm_ext:2:LONG:h24,PERP,feat_atr_norm_ext,2,LONG,monitored,2026-09-15T07:12:33.280993+00:00,,0,0,0,0,,0.001973,1187,0.326250,24,3.500,validated_walk_forward,False,True,3,0.600
hip3_xyz_commodity_c0:feat_ret_5:0:LONG:h24,PERP,feat_ret_5,0,LONG,monitored,2026-09-15T07:12:33.280993+00:00,,0,0,0,0,,0.001966,1348,0.022218,24,3.500,validated_walk_forward,False,True,4,0.800
hip3_xyz_commodity_c0:feat_ret_3:0:LONG:h24,PERP,feat_ret_3,0,LONG,monitored,2026-09-15T07:12:33.280993+00:00,,0,0,0,0,,0.001950,1308,0.029468,24,3.500,validated_walk_forward,False,True,4,0.800
hip3_xyz_commodity_c0:feat_ret_vol:0:LONG:h24,PERP,feat_ret_vol,0,LONG,monitored,2026-09-15T07:12:33.280993+00:00,,0,0,0,0,,0.001863,1228,0.048876,24,3.500,validated_walk_forward,False,True,4,0.800
hip3_xyz_commodity_c0:feat_ext_vs_ma_10:2:LONG:h24,PERP,feat_ext_vs_ma_10,2,LONG,monitored,2026-09-15T07:12:33.280993+00:00,,0,0,0,0,,0.001797,1150,0.350575,24,3.500,validated_walk_forward,False,True,2,0.400
hip3_xyz_commodity_c0:feat_vol_trend:0:LONG:h24,PERP,feat_vol_trend,0,LONG,monitored,2026-09-15T07:12:33.280993+00:00,,0,0,0,0,,0.001668,1253,0.066914,24,3.500,validated_walk_forward,False,True,3,0.600
hip3_xyz_commodity_c0:feat_ret_20:2:LONG:h24,PERP,feat_ret_20,2,LONG,monitored,2026-09-15T07:12:33.280993+00:00,,0,0,0,0,,0.001504,1114,0.529859,24,3.500,validated_walk_forward,False,True,2,0.400
hip3_xyz_commodity_c0:feat_trend_slope_20:2:LONG:h24,PERP,feat_trend_slope_20,2,LONG,monitored,2026-09-15T07:12:33.280993+00:00,,0,0,0,0,,0.001493,1120,0.531916,24,3.500,validated_walk_forward,False,True,2,0.400
hip3_xyz_commodity_c0:feat_ext_vs_ma_20:2:LONG:h24,PERP,feat_ext_vs_ma_20,2,LONG,monitored,2026-09-15T07:12:33.280993+00:00,,0,0,0,0,,0.001463,1151,0.503507,24,3.500,validated_walk_forward,False,True,2,0.400
hip3_xyz_commodity_c0:feat_ext_strength:2:LONG:h24,PERP,feat_ext_strength,2,LONG,monitored,2026-09-15T07:12:33.280993+00:00,,0,0,0,0,,0.001457,1171,0.473990,24,3.500,validated_walk_forward,False,True,2,0.400
hip3_xyz_commodity_c0:feat_ret_5:2:LONG:h24,PERP,feat_ret_5,2,LONG,monitored,2026-09-15T07:12:33.280993+00:00,,0,0,0,0,,0.001139,1151,0.509894,24,3.500,validated_walk_forward,False,True,2,0.400
hip3_xyz_commodity_c0:feat_ret_10:2:LONG:h24,PERP,feat_ret_10,2,LONG,monitored,2026-09-15T07:12:33.280993+00:00,,0,0,0,0,,0.001068,1148,0.643642,24,3.500,validated_walk_forward,False,True,2,0.400
hip3_xyz_commodity_c0:feat_vol_trend:1:LONG:h24,PERP,feat_vol_trend,1,LONG,monitored,2026-09-15T07:12:33.280993+00:00,,0,0,0,0,,0.000956,1197,0.617903,24,3.500,validated_walk_forward,False,True,3,0.600
hip3_xyz_commodity_c0:feat_ret_3:2:LONG:h24,PERP,feat_ret_3,2,LONG,monitored,2026-09-15T07:12:33.280993+00:00,,0,0,0,0,,0.000941,1118,0.499494,24,3.500,validated_walk_forward,False,True,2,0.400
hip3_xyz_commodity_c0:feat_ret_3:1:LONG:h24,PERP,feat_ret_3,1,LONG,monitored,2026-09-15T07:12:33.280993+00:00,,0,0,0,0,,0.000887,1444,0.520214,24,3.500,validated_walk_forward,False,True,3,0.600
hip3_xyz_commodity_c0:feat_ret_1:1:LONG:h24,PERP,feat_ret_1,1,LONG,monitored,2026-09-15T07:12:33.280993+00:00,,0,0,0,0,,0.000876,1451,0.335355,24,3.500,validated_walk_forward,False,True,3,0.600
hip3_xyz_commodity_c0:feat_ret_5:1:LONG:h24,PERP,feat_ret_5,1,LONG,monitored,2026-09-15T07:12:33.280993+00:00,,0,0,0,0,,0.000813,1361,0.503792,24,3.500,validated_walk_forward,False,True,3,0.600
hip3_xyz_commodity_c0:feat_realized_vol_20:0:LONG:h24,PERP,feat_realized_vol_20,0,LONG,monitored,2026-09-15T07:12:33.280993+00:00,,0,0,0,0,,0.000798,1423,0.602675,24,3.500,validated_walk_forward,False,True,3,0.600
hip3_xyz_commodity_c0:feat_ret_vol:1:LONG:h24,PERP,feat_ret_vol,1,LONG,monitored,2026-09-15T07:12:33.280993+00:00,,0,0,0,0,,0.000729,1248,0.783686,24,3.500,validated_walk_forward,False,True,2,0.400
hip3_xyz_commodity_c0:feat_ext_vs_ma_50:1:LONG:h24,PERP,feat_ext_vs_ma_50,1,LONG,monitored,2026-09-15T07:12:33.280993+00:00,,0,0,0,0,,0.000726,1256,0.898470,24,3.500,validated_walk_forward,False,True,2,0.400
hip3_xyz_commodity_c0:feat_trend_slope_20:1:LONG:h24,PERP,feat_trend_slope_20,1,LONG,monitored,2026-09-15T07:12:33.280993+00:00,,0,0,0,0,,0.000722,1319,0.789627,24,3.500,validated_walk_forward,False,True,2,0.400
hip3_xyz_commodity_c0:feat_ret_10:1:LONG:h24,PERP,feat_ret_10,1,LONG,monitored,2026-09-15T07:12:33.280993+00:00,,0,0,0,0,,0.000702,1376,0.680476,24,3.500,validated_walk_forward,False,True,3,0.600
hip3_xyz_commodity_c0:feat_trend_strength_20:0:LONG:h24,PERP,feat_trend_strength_20,0,LONG,monitored,2026-09-15T07:12:33.280993+00:00,,0,0,0,0,,0.000653,1294,0.741052,24,3.500,validated_walk_forward,False,True,2,0.400
hip3_xyz_commodity_c0:feat_ret_20:1:LONG:h24,PERP,feat_ret_20,1,LONG,monitored,2026-09-15T07:12:33.280993+00:00,,0,0,0,0,,0.000605,1353,0.842194,24,3.500,validated_walk_forward,False,True,2,0.400
hip3_xyz_commodity_c0:feat_ext_strength:1:LONG:h24,PERP,feat_ext_strength,1,LONG,monitored,2026-09-15T07:12:33.280993+00:00,,0,0,0,0,,0.000493,1307,0.892749,24,3.500,validated_walk_forward,False,True,2,0.400
hip3_xyz_commodity_c0:feat_ext_vs_ma_20:1:LONG:h24,PERP,feat_ext_vs_ma_20,1,LONG,monitored,2026-09-15T07:12:33.280993+00:00,,0,0,0,0,,0.000387,1367,0.892419,24,3.500,validated_walk_forward,False,True,2,0.400
hip3_xyz_commodity_c0:feat_ext_vs_ma_10:1:LONG:h24,PERP,feat_ext_vs_ma_10,1,LONG,monitored,2026-09-15T07:12:33.280993+00:00,,0,0,0,0,,0.000136,1350,0.990859,24,3.500,validated_walk_forward,False,True,2,0.400
hip3_xyz_equity_c0:feat_vol_regime:2:SHORT:h15,PERP,feat_vol_regime,2,SHORT,monitored,2026-09-15T07:12:33.280993+00:00,,0,0,0,0,,0.002275,10751,0.000741,15,3.500,validated_walk_forward,False,True,21,0.488
hip3_xyz_equity_c0:feat_ret_20:2:SHORT:h15,PERP,feat_ret_20,2,SHORT,monitored,2026-09-15T07:12:33.280993+00:00,,0,0,0,0,,0.000601,10050,0.156657,15,3.500,validated_walk_forward,False,True,20,0.465
hip3_xyz_equity_c0:feat_trend_slope_20:2:SHORT:h15,PERP,feat_trend_slope_20,2,SHORT,monitored,2026-09-15T07:12:33.280993+00:00,,0,0,0,0,,0.000499,10142,0.198621,15,3.500,validated_walk_forward,False,True,16,0.372
hip3_xyz_equity_c0:feat_vol_regime:2:SHORT:h16,PERP,feat_vol_regime,2,SHORT,monitored,2026-09-15T07:12:33.280993+00:00,,0,0,0,0,,0.002500,10711,0.000479,16,3.500,validated_walk_forward,False,True,25,0.581
hip3_xyz_equity_c0:feat_ret_20:2:SHORT:h16,PERP,feat_ret_20,2,SHORT,monitored,2026-09-15T07:12:33.280993+00:00,,0,0,0,0,,0.000790,10038,0.114198,16,3.500,validated_walk_forward,False,True,20,0.465
hip3_xyz_equity_c0:feat_trend_slope_20:2:SHORT:h16,PERP,feat_trend_slope_20,2,SHORT,monitored,2026-09-15T07:12:33.280993+00:00,,0,0,0,0,,0.000684,10131,0.143327,16,3.500,validated_walk_forward,False,True,17,0.395
hip3_xyz_equity_c0:feat_ret_vol:2:SHORT:h16,PERP,feat_ret_vol,2,SHORT,monitored,2026-09-15T07:12:33.280993+00:00,,0,0,0,0,,0.000640,9335,0.205140,16,3.500,validated_walk_forward,False,True,18,0.419
hip3_xyz_equity_c0:feat_vol_regime:2:SHORT:h17,PERP,feat_vol_regime,2,SHORT,monitored,2026-09-15T07:12:33.280993+00:00,,0,0,0,0,,0.002769,10672,0.000263,17,3.500,validated_walk_forward,False,True,26,0.605
hip3_xyz_equity_c0:feat_ret_20:2:SHORT:h17,PERP,feat_ret_20,2,SHORT,monitored,2026-09-15T07:12:33.280993+00:00,,0,0,0,0,,0.000953,10028,0.088579,17,3.500,validated_walk_forward,False,True,20,0.465
hip3_xyz_equity_c0:feat_trend_slope_20:2:SHORT:h17,PERP,feat_trend_slope_20,2,SHORT,monitored,2026-09-15T07:12:33.280993+00:00,,0,0,0,0,,0.000842,10120,0.110986,17,3.500,validated_walk_forward,False,True,18,0.419
hip3_xyz_equity_c0:feat_ret_vol:2:SHORT:h17,PERP,feat_ret_vol,2,SHORT,monitored,2026-09-15T07:12:33.280993+00:00,,0,0,0,0,,0.000833,9324,0.149583,17,3.500,validated_walk_forward,False,True,20,0.465
hip3_xyz_equity_c0:feat_vol_regime:2:SHORT:h18,PERP,feat_vol_regime,2,SHORT,monitored,2026-09-15T07:12:33.280993+00:00,,0,0,0,0,,0.003029,10634,0.000160,18,3.500,validated_walk_forward,False,True,28,0.651
hip3_xyz_equity_c0:feat_ret_20:2:SHORT:h18,PERP,feat_ret_20,2,SHORT,monitored,2026-09-15T07:12:33.280993+00:00,,0,0,0,0,,0.001116,10018,0.073141,18,3.500,validated_walk_forward,False,True,20,0.465
hip3_xyz_equity_c0:feat_trend_slope_20:2:SHORT:h18,PERP,feat_trend_slope_20,2,SHORT,monitored,2026-09-15T07:12:33.280993+00:00,,0,0,0,0,,0.001000,10109,0.088638,18,3.500,validated_walk_forward,False,True,18,0.419
hip3_xyz_equity_c0:feat_vol_regime:2:SHORT:h19,PERP,feat_vol_regime,2,SHORT,monitored,2026-09-15T07:12:33.280993+00:00,,0,0,0,0,,0.003288,10597,0.000105,19,3.500,validated_walk_forward,False,True,26,0.605
hip3_xyz_equity_c0:feat_ret_20:2:SHORT:h19,PERP,feat_ret_20,2,SHORT,monitored,2026-09-15T07:12:33.280993+00:00,,0,0,0,0,,0.001288,10010,0.057499,19,3.500,validated_walk_forward,False,True,20,0.465
hip3_xyz_equity_c0:feat_trend_slope_20:2:SHORT:h19,PERP,feat_trend_slope_20,2,SHORT,monitored,2026-09-15T07:12:33.280993+00:00,,0,0,0,0,,0.001170,10099,0.069659,19,3.500,validated_walk_forward,False,True,18,0.419
hip3_xyz_equity_c0:feat_ret_vol:2:SHORT:h19,PERP,feat_ret_vol,2,SHORT,monitored,2026-09-15T07:12:33.280993+00:00,,0,0,0,0,,0.001157,9305,0.096323,19,3.500,validated_walk_forward,False,True,21,0.488
hip3_xyz_equity_c0:feat_vol_trend:2:SHORT:h19,PERP,feat_vol_trend,2,SHORT,monitored,2026-09-15T07:12:33.280993+00:00,,0,0,0,0,,0.000929,9504,0.126614,19,3.500,validated_walk_forward,False,True,18,0.419
hip3_xyz_equity_c0:feat_vol_regime:2:SHORT:h20,PERP,feat_vol_regime,2,SHORT,monitored,2026-09-15T07:12:33.280993+00:00,,0,0,0,0,,0.003479,10558,0.000092,20,3.500,validated_walk_forward,False,True,26,0.605
hip3_xyz_equity_c0:feat_ret_20:2:SHORT:h20,PERP,feat_ret_20,2,SHORT,monitored,2026-09-15T07:12:33.280993+00:00,,0,0,0,0,,0.001416,9999,0.051439,20,3.500,validated_walk_forward,False,True,20,0.465
hip3_xyz_equity_c0:feat_trend_slope_20:2:SHORT:h20,PERP,feat_trend_slope_20,2,SHORT,monitored,2026-09-15T07:12:33.280993+00:00,,0,0,0,0,,0.001299,10090,0.059412,20,3.500,validated_walk_forward,False,True,18,0.419
hip3_xyz_equity_c0:feat_ret_vol:2:SHORT:h20,PERP,feat_ret_vol,2,SHORT,monitored,2026-09-15T07:12:33.280993+00:00,,0,0,0,0,,0.001273,9294,0.084861,20,3.500,validated_walk_forward,False,True,22,0.512
hip3_xyz_equity_c0:feat_vol_trend:2:SHORT:h20,PERP,feat_vol_trend,2,SHORT,monitored,2026-09-15T07:12:33.280993+00:00,,0,0,0,0,,0.001058,9493,0.108397,20,3.500,validated_walk_forward,False,True,18,0.419
hip3_xyz_equity_c0:feat_vol_regime:2:SHORT:h21,PERP,feat_vol_regime,2,SHORT,monitored,2026-09-15T07:12:33.280993+00:00,,0,0,0,0,,0.003626,10521,0.000090,21,3.500,validated_walk_forward,False,True,27,0.628
hip3_xyz_equity_c0:feat_ret_20:2:SHORT:h21,PERP,feat_ret_20,2,SHORT,monitored,2026-09-15T07:12:33.280993+00:00,,0,0,0,0,,0.001511,9990,0.050720,21,3.500,validated_walk_forward,False,True,20,0.465
hip3_xyz_equity_c0:feat_trend_slope_20:2:SHORT:h21,PERP,feat_trend_slope_20,2,SHORT,monitored,2026-09-15T07:12:33.280993+00:00,,0,0,0,0,,0.001391,10084,0.053222,21,3.500,validated_walk_forward,False,True,19,0.442
hip3_xyz_equity_c0:feat_ret_vol:2:SHORT:h21,PERP,feat_ret_vol,2,SHORT,monitored,2026-09-15T07:12:33.280993+00:00,,0,0,0,0,,0.001386,9283,0.073818,21,3.500,validated_walk_forward,False,True,22,0.512
hip3_xyz_equity_c0:feat_vol_trend:2:SHORT:h21,PERP,feat_vol_trend,2,SHORT,monitored,2026-09-15T07:12:33.280993+00:00,,0,0,0,0,,0.001189,9485,0.086829,21,3.500,validated_walk_forward,False,True,19,0.442
hip3_xyz_equity_c0:feat_vol_regime:2:SHORT:h22,PERP,feat_vol_regime,2,SHORT,monitored,2026-09-15T07:12:33.280993+00:00,,0,0,0,0,,0.003721,10482,0.000117,22,3.500,validated_walk_forward,False,True,25,0.581
hip3_xyz_equity_c0:feat_ret_20:2:SHORT:h22,PERP,feat_ret_20,2,SHORT,monitored,2026-09-15T07:12:33.280993+00:00,,0,0,0,0,,0.001496,9982,0.058067,22,3.500,validated_walk_forward,False,True,21,0.488
hip3_xyz_equity_c0:feat_trend_slope_20:2:SHORT:h22,PERP,feat_trend_slope_20,2,SHORT,monitored,2026-09-15T07:12:33.280993+00:00,,0,0,0,0,,0.001443,10079,0.052480,22,3.500,validated_walk_forward,False,True,20,0.465
hip3_xyz_equity_c0:feat_ret_vol:2:SHORT:h22,PERP,feat_ret_vol,2,SHORT,monitored,2026-09-15T07:12:33.280993+00:00,,0,0,0,0,,0.001393,9275,0.078423,22,3.500,validated_walk_forward,False,True,22,0.512
hip3_xyz_equity_c0:feat_vol_trend:2:SHORT:h22,PERP,feat_vol_trend,2,SHORT,monitored,2026-09-15T07:12:33.280993+00:00,,0,0,0,0,,0.001278,9477,0.076708,22,3.500,validated_walk_forward,False,True,21,0.488
hip3_xyz_equity_c0:feat_vol_regime:2:SHORT:h23,PERP,feat_vol_regime,2,SHORT,monitored,2026-09-15T07:12:33.280993+00:00,,0,0,0,0,,0.003778,10443,0.000167,23,3.500,validated_walk_forward,False,True,26,0.605
hip3_xyz_equity_c0:feat_trend_slope_20:2:SHORT:h23,PERP,feat_trend_slope_20,2,SHORT,monitored,2026-09-15T07:12:33.280993+00:00,,0,0,0,0,,0.001495,10074,0.049249,23,3.500,validated_walk_forward,False,True,20,0.465
hip3_xyz_equity_c0:feat_ret_20:2:SHORT:h23,PERP,feat_ret_20,2,SHORT,monitored,2026-09-15T07:12:33.280993+00:00,,0,0,0,0,,0.001475,9974,0.066947,23,3.500,validated_walk_forward,False,True,19,0.442
hip3_xyz_equity_c0:feat_ret_vol:2:SHORT:h23,PERP,feat_ret_vol,2,SHORT,monitored,2026-09-15T07:12:33.280993+00:00,,0,0,0,0,,0.001396,9267,0.084390,23,3.500,validated_walk_forward,False,True,21,0.488
hip3_xyz_equity_c0:feat_vol_trend:2:SHORT:h23,PERP,feat_vol_trend,2,SHORT,monitored,2026-09-15T07:12:33.280993+00:00,,0,0,0,0,,0.001378,9469,0.066702,23,3.500,validated_walk_forward,False,True,21,0.488
hip3_xyz_equity_c0:feat_vol_regime:2:SHORT:h24,PERP,feat_vol_regime,2,SHORT,monitored,2026-09-15T07:12:33.280993+00:00,,0,0,0,0,,0.003868,10405,0.000188,24,3.500,validated_walk_forward,False,True,26,0.605
hip3_xyz_equity_c0:feat_trend_slope_20:2:SHORT:h24,PERP,feat_trend_slope_20,2,SHORT,monitored,2026-09-15T07:12:33.280993+00:00,,0,0,0,0,,0.001477,10067,0.053712,24,3.500,validated_walk_forward,False,True,21,0.488
hip3_xyz_equity_c0:feat_vol_trend:2:SHORT:h24,PERP,feat_vol_trend,2,SHORT,monitored,2026-09-15T07:12:33.280993+00:00,,0,0,0,0,,0.001402,9459,0.067755,24,3.500,validated_walk_forward,False,True,21,0.488
hip3_xyz_equity_c0:feat_ret_vol:2:SHORT:h24,PERP,feat_ret_vol,2,SHORT,monitored,2026-09-15T07:12:33.280993+00:00,,0,0,0,0,,0.001356,9258,0.099726,24,3.500,validated_walk_forward,False,True,21,0.488
