intensity,risk_cap_fraction,old_cap,fat_cap,total_native,hip3_seats,med_all10_day,med_native_rts,med_hip3_rts,med_min_slice_rts,med_peak_risk,sum_seat_denials,sum_risk_denials
100.0,0.05,3,10,13,0,34.27,178.0,0.0,11.0,78.0,1940960,0
100.0,0.07,3,10,13,0,34.81,175.5,0.0,10.0,78.0,1940149,0
100.0,0.1,3,10,13,0,35.4,177.0,0.0,10.0,78.0,1939410,0
100.0,0.15,3,10,13,0,35.12,176.5,0.0,10.0,78.0,1939647,0
100.0,0.05,3,10,13,2,34.0,176.0,105.5,10.5,90.0,1890507,0
100.0,0.07,3,10,13,2,33.44,176.0,105.0,11.0,90.0,1893101,0
100.0,0.1,3,10,13,2,34.4,175.5,105.0,10.0,90.0,1891979,0
100.0,0.15,3,10,13,2,32.42,177.0,103.0,11.0,90.0,1892584,0
100.0,0.05,3,10,13,4,32.38,178.5,207.5,11.0,102.0,1843769,0
100.0,0.07,3,10,13,4,35.35,176.0,210.0,10.0,102.0,1843706,0
100.0,0.1,3,10,13,4,34.46,177.0,207.5,10.0,102.0,1843654,0
100.0,0.15,3,10,13,4,33.58,179.5,207.5,10.0,102.0,1845623,0
100.0,0.05,3,10,13,6,34.96,177.0,311.0,10.0,104.98,1790328,7122
100.0,0.07,3,10,13,6,35.19,178.0,311.5,10.0,114.0,1796823,0
100.0,0.1,3,10,13,6,35.02,177.0,311.5,10.0,114.0,1798869,0
100.0,0.15,3,10,13,6,35.79,177.0,312.0,9.5,114.0,1798750,0
100.0,0.05,5,10,15,0,22.19,280.5,0.0,18.0,90.0,1919620,0
100.0,0.07,5,10,15,0,21.67,279.5,0.0,18.0,90.0,1918137,0
100.0,0.1,5,10,15,0,21.54,281.0,0.0,18.0,90.0,1919178,0
100.0,0.15,5,10,15,0,21.25,278.5,0.0,17.5,90.0,1917263,0
100.0,0.05,5,10,15,2,20.98,282.5,104.0,18.0,102.0,1871039,0
100.0,0.07,5,10,15,2,21.6,278.5,104.0,18.5,102.0,1873240,0
100.0,0.1,5,10,15,2,22.25,281.0,107.0,18.0,102.0,1872685,0
100.0,0.15,5,10,15,2,21.65,281.0,104.0,18.5,102.0,1871162,0
100.0,0.05,5,10,15,4,22.25,279.5,211.5,17.0,104.98,1817647,6811
100.0,0.07,5,10,15,4,21.33,279.0,209.5,18.5,114.0,1825319,0
100.0,0.1,5,10,15,4,21.56,282.0,207.0,17.5,114.0,1824455,0
100.0,0.15,5,10,15,4,20.29,284.5,207.5,19.0,114.0,1826336,0
100.0,0.05,5,10,15,6,21.08,279.5,311.0,17.5,104.98,1761620,14902
100.0,0.07,5,10,15,6,21.15,280.0,313.0,19.0,126.0,1776906,0
100.0,0.1,5,10,15,6,21.5,279.5,310.5,18.0,126.0,1778471,0
100.0,0.15,5,10,15,6,21.29,279.0,312.0,19.0,126.0,1779987,0
100.0,0.05,8,10,18,0,14.65,435.0,0.0,30.0,104.98,1885089,2660
100.0,0.07,8,10,18,0,13.9,431.5,0.0,30.0,108.0,1890308,0
100.0,0.1,8,10,18,0,14.46,435.5,0.0,30.0,108.0,1890663,0
100.0,0.15,8,10,18,0,14.31,432.0,0.0,30.0,108.0,1888916,0
100.0,0.05,8,10,18,2,15.06,433.5,103.5,31.0,104.98,1828779,13110
100.0,0.07,8,10,18,2,14.0,436.0,106.0,30.5,120.0,1840358,0
100.0,0.1,8,10,18,2,14.48,431.0,106.0,30.0,120.0,1843518,0
100.0,0.15,8,10,18,2,14.52,436.0,105.5,30.5,120.0,1842650,0
100.0,0.05,8,10,18,4,15.27,427.0,207.5,29.5,104.98,1776235,19982
100.0,0.07,8,10,18,4,15.08,435.5,208.0,30.0,132.0,1796156,0
100.0,0.1,8,10,18,4,13.73,432.5,209.0,30.0,132.0,1795819,0
100.0,0.15,8,10,18,4,14.04,433.0,211.5,29.0,132.0,1796158,0
100.0,0.05,8,10,18,6,14.21,427.0,308.5,30.0,104.67,1725075,26516
100.0,0.07,8,10,18,6,14.06,432.0,313.0,30.0,144.0,1748594,0
100.0,0.1,8,10,18,6,13.71,431.5,312.5,31.0,144.0,1750295,0
100.0,0.15,8,10,18,6,14.81,435.5,312.5,31.0,144.0,1749007,0
100.0,0.05,12,10,22,0,10.1,635.0,0.0,47.0,104.98,1834233,14690
100.0,0.07,12,10,22,0,9.88,638.5,0.0,47.0,132.0,1847824,0
100.0,0.1,12,10,22,0,10.25,638.5,0.0,46.5,132.0,1851216,0
100.0,0.15,12,10,22,0,9.85,636.5,0.0,46.0,132.0,1850940,0
100.0,0.05,12,10,22,2,10.79,633.0,102.5,44.0,104.98,1778441,26075
100.0,0.07,12,10,22,2,10.52,636.5,105.5,47.5,144.0,1803888,0
100.0,0.1,12,10,22,2,10.44,634.5,105.0,47.0,144.0,1801193,0
100.0,0.15,12,10,22,2,10.06,637.0,104.0,46.0,144.0,1801358,0
100.0,0.05,12,10,22,4,10.52,630.5,206.5,47.0,104.98,1726589,32987
100.0,0.07,12,10,22,4,10.42,639.5,206.0,48.0,146.98,1749683,4746
100.0,0.1,12,10,22,4,9.83,639.0,207.5,46.0,156.0,1756865,0
100.0,0.15,12,10,22,4,10.27,639.5,207.0,47.0,156.0,1757468,0
100.0,0.05,12,10,22,6,10.85,630.0,305.5,47.0,104.98,1634368,81262
100.0,0.07,12,10,22,6,10.44,642.0,312.0,47.0,146.98,1701293,10412
100.0,0.1,12,10,22,6,9.94,639.5,311.0,46.0,168.0,1709979,0
100.0,0.15,12,10,22,6,9.88,638.0,312.0,47.5,168.0,1709671,0
100.0,0.05,15,10,25,0,8.79,784.0,0.0,59.0,104.98,1792452,28607
100.0,0.07,15,10,25,0,8.6,791.0,0.0,60.0,146.98,1819788,226
100.0,0.1,15,10,25,0,8.44,793.0,0.0,60.0,150.0,1819656,0
100.0,0.15,15,10,25,0,8.85,788.5,0.0,60.0,150.0,1820132,0
100.0,0.05,15,10,25,2,9.38,780.5,102.5,58.0,104.98,1736006,40118
100.0,0.07,15,10,25,2,8.58,789.5,105.0,58.5,146.98,1763838,7373
100.0,0.1,15,10,25,2,8.9,792.0,104.0,59.0,162.0,1775002,0
100.0,0.15,15,10,25,2,8.83,792.0,105.0,58.5,162.0,1772915,0
100.0,0.05,15,10,25,4,9.15,768.0,185.5,57.5,104.98,1297131,445019
100.0,0.07,15,10,25,4,8.77,789.5,210.0,59.5,146.98,1713685,12729
100.0,0.1,15,10,25,4,8.77,785.5,211.0,59.0,174.0,1727744,0
100.0,0.15,15,10,25,4,8.33,793.5,209.0,60.0,174.0,1726670,0
100.0,0.05,15,10,25,6,9.9,752.5,207.0,57.0,104.98,955383,778812
100.0,0.07,15,10,25,6,8.48,785.5,309.0,59.0,146.98,1661175,19688
100.0,0.1,15,10,25,6,8.31,795.5,313.0,62.0,186.0,1682320,0
100.0,0.15,15,10,25,6,8.52,792.5,314.5,59.5,185.92,1678637,0
196.8,0.05,3,10,13,0,31.56,178.5,0.0,11.0,78.0,2624130,0
196.8,0.07,3,10,13,0,33.5,177.0,0.0,10.0,78.0,2623286,0
196.8,0.1,3,10,13,0,35.31,177.0,0.0,10.0,78.0,2624194,0
196.8,0.15,3,10,13,0,34.25,176.0,0.0,11.0,78.0,2623110,0
196.8,0.05,3,10,13,2,34.4,176.0,106.0,10.5,90.0,2560212,0
196.8,0.07,3,10,13,2,35.67,179.0,105.5,10.0,90.0,2560601,0
196.8,0.1,3,10,13,2,35.98,178.0,104.0,10.0,90.0,2561561,0
196.8,0.15,3,10,13,2,35.38,177.5,104.0,10.0,90.0,2559921,0
196.8,0.05,3,10,13,4,33.94,180.0,209.0,10.0,102.0,2497395,0
196.8,0.07,3,10,13,4,34.96,176.5,209.0,11.0,102.0,2498506,0
196.8,0.1,3,10,13,4,36.0,176.5,207.5,9.0,102.0,2496646,0
196.8,0.15,3,10,13,4,33.58,178.0,207.5,11.0,102.0,2498553,0
196.8,0.05,3,10,13,6,35.92,176.0,310.0,10.0,104.98,2426448,7615
196.8,0.07,3,10,13,6,34.25,179.0,314.5,10.5,114.0,2433958,0
196.8,0.1,3,10,13,6,35.9,175.5,312.0,10.0,114.0,2435172,0
196.8,0.15,3,10,13,6,34.17,177.0,312.5,10.0,114.0,2434857,0
196.8,0.05,5,10,15,0,22.83,276.5,0.0,18.0,90.0,2598353,0
196.8,0.07,5,10,15,0,22.15,278.5,0.0,17.0,90.0,2598974,0
196.8,0.1,5,10,15,0,20.54,282.0,0.0,17.5,90.0,2597569,0
196.8,0.15,5,10,15,0,21.35,279.0,0.0,18.5,90.0,2596789,0
196.8,0.05,5,10,15,2,22.29,280.0,104.0,17.0,102.0,2534993,0
196.8,0.07,5,10,15,2,21.73,278.5,104.5,18.0,102.0,2533933,0
196.8,0.1,5,10,15,2,20.58,280.5,105.0,18.0,102.0,2535358,0
196.8,0.15,5,10,15,2,21.62,277.5,103.5,17.5,102.0,2535063,0
196.8,0.05,5,10,15,4,22.69,275.5,206.5,17.0,104.98,2462603,9148
196.8,0.07,5,10,15,4,21.46,279.0,207.5,18.0,114.0,2472756,0
196.8,0.1,5,10,15,4,21.42,282.0,210.0,18.0,114.0,2470428,0
196.8,0.15,5,10,15,4,21.35,279.0,211.0,17.5,114.0,2472447,0
196.8,0.05,5,10,15,6,21.88,278.0,314.0,17.5,104.99,2389866,19168
196.8,0.07,5,10,15,6,20.56,284.5,315.0,18.0,126.0,2408794,0
196.8,0.1,5,10,15,6,20.98,279.0,313.5,18.0,126.0,2409603,0
196.8,0.15,5,10,15,6,21.21,280.0,314.0,18.0,126.0,2409244,0
196.8,0.05,8,10,18,0,14.52,433.0,0.0,31.0,104.67,2556422,1762
196.8,0.07,8,10,18,0,13.94,435.5,0.0,31.0,108.0,2557847,0
196.8,0.1,8,10,18,0,14.29,432.5,0.0,30.5,108.0,2559277,0
196.8,0.15,8,10,18,0,14.75,435.5,0.0,30.0,108.0,2557986,0
196.8,0.05,8,10,18,2,14.67,430.0,103.0,29.0,104.98,2479148,16156
196.8,0.07,8,10,18,2,14.4,432.5,104.0,30.0,120.0,2497214,0
196.8,0.1,8,10,18,2,14.27,434.0,104.0,31.0,120.0,2495635,0
196.8,0.15,8,10,18,2,14.19,433.5,103.0,30.0,120.0,2496694,0
196.8,0.05,8,10,18,4,15.08,429.0,205.5,30.0,104.98,2411700,24237
196.8,0.07,8,10,18,4,14.46,430.0,212.0,30.0,132.0,2434556,0
196.8,0.1,8,10,18,4,13.83,434.5,209.0,30.0,132.0,2433981,0
196.8,0.15,8,10,18,4,13.52,434.5,208.0,31.0,132.0,2433561,0
196.8,0.05,8,10,18,6,14.5,425.5,306.0,30.0,104.98,2345695,30800
196.8,0.07,8,10,18,6,14.77,436.5,314.0,30.0,144.0,2372840,0
196.8,0.1,8,10,18,6,14.42,434.0,315.5,32.0,144.0,2370963,0
196.8,0.15,8,10,18,6,13.9,432.5,314.0,29.5,144.0,2371829,0
196.8,0.05,12,10,22,0,10.02,634.0,0.0,45.5,104.98,2487578,19927
196.8,0.07,12,10,22,0,10.4,636.0,0.0,47.0,132.0,2507910,0
196.8,0.1,12,10,22,0,10.35,637.0,0.0,45.5,132.0,2506795,0
196.8,0.15,12,10,22,0,10.92,638.5,0.0,46.0,132.0,2506226,0
196.8,0.05,12,10,22,2,10.25,630.0,103.5,46.0,104.98,2411799,34609
196.8,0.07,12,10,22,2,10.33,637.5,105.0,48.0,144.0,2443263,0
196.8,0.1,12,10,22,2,10.15,636.5,105.0,47.0,144.0,2446346,0
196.8,0.15,12,10,22,2,9.69,636.0,104.0,46.5,144.0,2445366,0
196.8,0.05,12,10,22,4,10.77,629.5,206.5,46.0,104.98,2342090,45909
196.8,0.07,12,10,22,4,10.31,639.5,208.5,48.0,146.98,2376057,6412
196.8,0.1,12,10,22,4,10.46,640.0,206.5,47.0,156.0,2383912,0
196.8,0.15,12,10,22,4,10.27,636.5,208.0,47.5,156.0,2382424,0
196.8,0.05,12,10,22,6,10.31,629.5,305.5,46.0,104.98,2226757,103076
196.8,0.07,12,10,22,6,9.96,637.5,313.5,47.0,146.96,2306024,15216
196.8,0.1,12,10,22,6,10.08,635.0,310.0,46.5,168.0,2320592,0
196.8,0.15,12,10,22,6,10.12,639.0,314.0,47.0,168.0,2321888,0
196.8,0.05,15,10,25,0,8.94,780.0,0.0,58.0,104.98,2428137,43020
196.8,0.07,15,10,25,0,8.38,792.5,0.0,59.5,146.98,2466951,936
196.8,0.1,15,10,25,0,8.62,790.0,0.0,59.5,150.0,2467759,0
196.8,0.15,15,10,25,0,8.88,789.0,0.0,58.5,150.0,2467802,0
196.8,0.05,15,10,25,2,8.94,780.5,103.0,58.0,104.98,2360377,48923
196.8,0.07,15,10,25,2,8.35,789.0,102.5,59.5,146.98,2393297,12374
196.8,0.1,15,10,25,2,8.88,794.0,106.5,59.0,162.0,2406648,0
196.8,0.15,15,10,25,2,8.88,788.0,105.0,61.0,162.0,2405754,0
196.8,0.05,15,10,25,4,9.33,772.0,187.0,57.0,104.98,1777955,585394
196.8,0.07,15,10,25,4,8.94,791.0,207.0,60.0,146.98,2324451,19096
196.8,0.1,15,10,25,4,9.12,792.5,208.0,60.0,174.0,2344202,0
196.8,0.15,15,10,25,4,8.73,792.0,209.5,59.0,174.0,2345298,0
196.8,0.05,15,10,25,6,9.42,752.0,211.0,56.0,104.98,1314512,1037932
196.8,0.07,15,10,25,6,9.29,789.0,311.5,59.5,146.98,2262671,22610
196.8,0.1,15,10,25,6,8.98,790.5,311.5,58.0,186.0,2284834,0
196.8,0.15,15,10,25,6,8.75,796.0,312.5,60.0,185.92,2286845,0
300.0,0.05,3,10,13,0,36.0,177.0,0.0,10.0,78.0,2649465,0
300.0,0.07,3,10,13,0,34.9,178.5,0.0,10.0,78.0,2649986,0
300.0,0.1,3,10,13,0,36.0,177.0,0.0,9.5,78.0,2649525,0
300.0,0.15,3,10,13,0,33.83,177.5,0.0,11.0,78.0,2648946,0
300.0,0.05,3,10,13,2,34.62,178.0,104.5,10.5,90.0,2585228,0
300.0,0.07,3,10,13,2,33.81,176.0,104.0,10.0,90.0,2585351,0
300.0,0.1,3,10,13,2,34.62,176.0,104.5,10.0,90.0,2585396,0
300.0,0.15,3,10,13,2,35.02,180.0,104.0,10.0,90.0,2586188,0
300.0,0.05,3,10,13,4,36.0,179.5,207.5,10.0,102.0,2521460,0
300.0,0.07,3,10,13,4,34.9,176.5,208.0,10.0,102.0,2522677,0
300.0,0.1,3,10,13,4,34.73,178.0,208.5,10.0,102.0,2522127,0
300.0,0.15,3,10,13,4,35.42,176.0,208.0,10.0,102.0,2521204,0
300.0,0.05,3,10,13,6,33.17,177.5,309.0,10.5,104.98,2450879,8557
300.0,0.07,3,10,13,6,35.1,176.5,315.0,10.0,114.0,2458288,0
300.0,0.1,3,10,13,6,35.98,177.5,314.5,10.0,114.0,2458040,0
300.0,0.15,3,10,13,6,33.0,178.0,314.5,11.0,114.0,2458509,0
300.0,0.05,5,10,15,0,21.02,280.0,0.0,19.0,90.0,2623340,0
300.0,0.07,5,10,15,0,21.83,282.0,0.0,18.0,90.0,2623477,0
300.0,0.1,5,10,15,0,22.77,278.5,0.0,17.5,90.0,2622253,0
300.0,0.15,5,10,15,0,22.04,277.5,0.0,18.0,90.0,2623068,0
300.0,0.05,5,10,15,2,21.88,279.0,104.0,18.0,102.0,2560106,0
300.0,0.07,5,10,15,2,20.81,281.0,106.0,18.0,102.0,2559608,0
300.0,0.1,5,10,15,2,21.94,277.5,104.5,17.5,102.0,2559514,0
300.0,0.15,5,10,15,2,20.96,276.5,104.0,17.0,102.0,2560661,0
300.0,0.05,5,10,15,4,21.29,279.0,207.0,18.0,104.98,2489296,8169
300.0,0.07,5,10,15,4,21.4,280.5,206.5,18.0,114.0,2496760,0
300.0,0.1,5,10,15,4,21.85,280.5,208.0,17.5,114.0,2496739,0
300.0,0.15,5,10,15,4,22.23,279.5,209.5,18.0,114.0,2496296,0
300.0,0.05,5,10,15,6,22.56,275.0,309.0,17.5,104.98,2414446,19921
300.0,0.07,5,10,15,6,21.44,278.5,313.0,19.0,126.0,2434549,0
300.0,0.1,5,10,15,6,21.71,279.0,311.0,18.0,126.0,2435062,0
300.0,0.15,5,10,15,6,20.88,280.5,312.0,18.0,126.0,2434151,0
300.0,0.05,8,10,18,0,14.35,435.0,0.0,30.5,104.98,2581417,2258
300.0,0.07,8,10,18,0,14.73,433.0,0.0,31.0,108.0,2584507,0
300.0,0.1,8,10,18,0,14.0,437.0,0.0,30.5,108.0,2583910,0
300.0,0.15,8,10,18,0,14.38,436.0,0.0,30.5,108.0,2584271,0
300.0,0.05,8,10,18,2,14.9,431.0,107.5,30.0,104.98,2502670,17318
300.0,0.07,8,10,18,2,14.12,432.5,104.0,31.0,120.0,2521378,0
300.0,0.1,8,10,18,2,15.17,434.0,104.0,31.0,120.0,2520916,0
300.0,0.15,8,10,18,2,14.29,434.0,102.5,30.5,120.0,2521959,0
300.0,0.05,8,10,18,4,13.9,434.5,209.0,30.0,104.98,2431193,27766
300.0,0.07,8,10,18,4,13.79,433.0,209.5,29.5,132.0,2457678,0
300.0,0.1,8,10,18,4,14.1,435.0,208.0,30.5,132.0,2456827,0
300.0,0.15,8,10,18,4,15.06,431.0,208.5,30.5,132.0,2459831,0
300.0,0.05,8,10,18,6,14.83,429.0,310.5,30.0,104.98,2365234,32664
300.0,0.07,8,10,18,6,13.98,434.0,311.0,30.0,144.0,2395875,0
300.0,0.1,8,10,18,6,14.48,434.0,312.5,30.0,144.0,2394800,0
300.0,0.15,8,10,18,6,15.06,433.5,310.0,30.0,144.0,2395476,0
300.0,0.05,12,10,22,0,10.88,632.5,0.0,46.5,104.98,2506097,24480
300.0,0.07,12,10,22,0,10.19,639.0,0.0,47.0,132.0,2531462,0
300.0,0.1,12,10,22,0,9.88,638.5,0.0,47.0,132.0,2532048,0
300.0,0.15,12,10,22,0,10.15,641.5,0.0,45.5,132.0,2531613,0
300.0,0.05,12,10,22,2,10.73,629.0,103.0,46.0,104.98,2438301,33739
300.0,0.07,12,10,22,2,10.38,634.0,104.0,47.0,144.0,2469597,0
300.0,0.1,12,10,22,2,9.92,640.0,103.0,46.0,144.0,2468779,0
300.0,0.15,12,10,22,2,10.17,639.5,103.0,47.0,144.0,2469533,0
300.0,0.05,12,10,22,4,10.81,628.0,208.0,45.5,104.98,2364193,46956
300.0,0.07,12,10,22,4,10.62,639.0,208.0,46.5,146.98,2398152,7611
300.0,0.1,12,10,22,4,10.12,638.0,207.5,46.0,156.0,2407572,0
300.0,0.15,12,10,22,4,9.81,639.0,210.0,47.0,156.0,2407352,0
300.0,0.05,12,10,22,6,10.96,631.0,305.0,47.0,104.98,2254928,98454
300.0,0.07,12,10,22,6,9.96,636.5,311.0,47.0,146.98,2329434,14522
300.0,0.1,12,10,22,6,9.96,642.0,310.0,47.0,168.0,2344755,0
300.0,0.15,12,10,22,6,10.46,635.5,313.5,45.0,167.24,2344629,0
300.0,0.05,15,10,25,0,9.19,786.0,0.0,58.0,104.98,2458665,37190
300.0,0.07,15,10,25,0,8.6,791.0,0.0,60.0,146.98,2491179,1396
300.0,0.1,15,10,25,0,8.33,791.0,0.0,60.0,150.0,2493884,0
300.0,0.15,15,10,25,0,8.81,790.0,0.0,60.0,150.0,2494897,0
300.0,0.05,15,10,25,2,9.02,779.0,103.0,59.5,104.98,2384978,48537
300.0,0.07,15,10,25,2,8.44,792.0,105.0,60.0,146.98,2421232,8014
300.0,0.1,15,10,25,2,8.38,790.0,106.0,60.0,162.0,2431742,0
300.0,0.15,15,10,25,2,8.27,789.5,105.5,58.5,162.0,2431442,0
300.0,0.05,15,10,25,4,8.94,771.0,187.0,57.0,104.98,1754832,633064
300.0,0.07,15,10,25,4,8.42,793.0,209.5,60.0,146.98,2343831,22449
300.0,0.1,15,10,25,4,8.62,789.5,208.0,61.0,173.92,2368774,0
300.0,0.15,15,10,25,4,8.92,789.0,207.0,58.0,174.0,2369105,0
300.0,0.05,15,10,25,6,9.06,755.5,215.5,56.5,104.98,1343335,1031593
300.0,0.07,15,10,25,6,8.73,783.5,311.5,58.0,146.98,2279683,26925
300.0,0.1,15,10,25,6,8.88,793.0,310.5,60.5,186.0,2307271,0
300.0,0.15,15,10,25,6,8.19,793.0,312.0,59.0,186.0,2307578,0
